pxd	characteristics[age]	comment[cleavage agent details]	comment[proteomics data acquisition method]	comment[technical replicate]	factor value[disease]	factor value[experimental design]	technology type	comment[fragment mass tolerance]	comment[precursor mass tolerance]	characteristics[sex]	characteristics[cell type]	comment[ms2 mass analyzer]	characteristics[biological replicate]	characteristics[organism part]	characteristics[cell line]	characteristics[disease]	comment[fraction identifier]	comment[dissociation method]	comment[label]	comment[instrument]	characteristics[organism]
PXD000534	0.000000	1.000000	0.000000	0.000000	0.000000	0.000000	0.000000	1.000000	0.000000	0.000000	NA	0.000000	0.000000	1.000000	NA	0.500000	0.000000	0.750000	1.000000	1.000000	0.000000
PXD000561	0.000000	1.000000	0.000000	0.000000	0.000000	0.000000	0.000000	1.000000	1.000000	0.000000	0.000000	0.000000	1.000000	0.933333	NA	0.000000	0.933333	0.000000	0.000000	1.000000	0.000000
PXD000651	0.000000	1.000000	0.000000	0.000000	0.000000	0.000000	0.000000	1.000000	1.000000	0.000000	NA	1.000000	0.000000	0.000000	NA	1.000000	0.966667	0.200000	1.000000	0.000000	0.000000
PXD000652	0.000000	1.000000	0.000000	0.000000	0.000000	0.000000	0.000000	1.000000	1.000000	0.000000	NA	1.000000	0.000000	0.000000	NA	1.000000	1.000000	0.100000	1.000000	0.000000	0.000000
PXD001558	0.000000	2.000000	0.000000	0.000000	0.000000	0.000000	0.000000	NA	0.000000	0.000000	2.000000	0.000000	1.000000	0.000000	2.000000	0.000000	1.000000	0.000000	2.965517	1.000000	0.000000
PXD001819	0.000000	1.000000	0.000000	0.000000	0.000000	0.000000	0.000000	1.000000	0.000000	0.000000	0.000000	0.000000	1.000000	0.000000	NA	0.000000	0.000000	0.000000	1.000000	0.000000	0.000000
PXD002029	0.000000	1.000000	0.000000	0.000000	0.000000	0.000000	0.000000	0.000000	0.000000	0.000000	NA	0.000000	1.000000	0.000000	NA	1.000000	0.739130	0.000000	0.000000	0.000000	0.000000
PXD002049	0.000000	1.000000	0.000000	0.000000	0.000000	0.000000	0.000000	0.000000	1.000000	0.000000	0.000000	0.000000	0.000000	2.000000	NA	1.000000	0.933333	0.000000	1.000000	0.000000	0.000000
PXD002080	0.000000	1.000000	0.000000	0.000000	0.000000	0.000000	0.000000	0.000000	0.000000	1.000000	NA	0.000000	0.000000	1.000000	NA	1.000000	0.966667	0.133333	1.000000	0.000000	0.000000
PXD002081	0.000000	1.000000	0.000000	0.000000	0.000000	0.000000	0.000000	0.000000	0.000000	1.000000	NA	0.000000	0.000000	1.000000	NA	1.000000	0.933333	0.066667	1.000000	0.000000	0.000000
PXD002082	0.000000	1.000000	0.000000	0.000000	0.000000	0.000000	0.000000	0.000000	0.000000	1.000000	NA	0.000000	0.000000	1.000000	NA	1.000000	0.966667	0.100000	1.000000	0.000000	0.000000
PXD002084	0.000000	1.000000	0.000000	0.000000	0.000000	0.000000	0.000000	0.000000	0.000000	1.000000	NA	0.000000	0.000000	1.000000	NA	1.000000	0.933333	0.100000	1.000000	0.000000	0.000000
PXD002086	0.000000	1.000000	0.000000	0.000000	0.000000	0.000000	0.000000	0.000000	0.000000	1.000000	NA	0.000000	0.000000	0.933333	NA	1.000000	0.933333	0.133333	1.000000	0.000000	0.000000
PXD002087	0.000000	1.000000	0.000000	0.000000	0.000000	0.000000	0.000000	0.000000	0.000000	1.000000	NA	0.000000	0.000000	1.000000	NA	1.000000	0.933333	0.033333	1.000000	0.000000	0.000000
PXD002088	1.000000	1.000000	0.000000	0.000000	0.000000	0.000000	0.000000	0.000000	0.000000	1.000000	NA	0.000000	0.000000	1.000000	NA	1.000000	0.966667	0.066667	1.000000	0.000000	0.000000
PXD002395	0.600000	1.000000	0.000000	0.000000	0.000000	0.000000	0.000000	1.000000	1.000000	0.000000	0.866667	0.000000	0.800000	0.000000	1.000000	0.900000	0.766667	0.000000	0.000000	0.000000	0.000000
PXD002870	0.000000	1.000000	0.000000	0.000000	0.000000	0.000000	0.000000	1.000000	1.000000	0.000000	NA	0.000000	1.000000	0.000000	NA	1.000000	0.933333	0.000000	1.000000	0.000000	0.000000
PXD003531	0.400000	2.000000	0.000000	0.000000	0.000000	0.000000	0.000000	1.000000	0.000000	0.000000	0.000000	0.000000	0.400000	0.600000	0.400000	0.600000	0.000000	0.000000	0.000000	0.000000	0.000000
PXD003668	0.000000	2.000000	0.000000	0.000000	0.000000	0.000000	0.000000	0.000000	0.000000	0.000000	0.000000	0.000000	0.633333	0.033333	0.900000	0.033333	0.000000	0.000000	0.000000	1.000000	0.000000
PXD003977	1.000000	1.800000	0.000000	0.000000	0.000000	0.000000	0.000000	NA	1.000000	1.000000	1.000000	0.000000	0.000000	0.000000	0.000000	0.000000	1.000000	0.000000	1.000000	0.000000	0.000000
PXD004143	0.000000	1.000000	0.000000	0.000000	0.000000	0.000000	0.000000	1.000000	1.000000	0.000000	NA	0.000000	0.000000	0.000000	NA	0.000000	1.000000	0.000000	0.000000	1.000000	0.000000
PXD004242	0.000000	2.000000	0.000000	0.000000	0.000000	0.000000	0.000000	1.000000	0.000000	0.000000	NA	0.000000	1.000000	1.000000	NA	1.000000	0.000000	0.000000	0.000000	0.000000	0.000000
PXD004682	0.000000	1.000000	0.000000	0.000000	0.000000	0.000000	0.000000	1.000000	1.000000	1.000000	NA	0.000000	1.000000	1.000000	NA	0.466667	0.966667	0.000000	0.000000	0.000000	0.000000
PXD004683	0.000000	1.000000	0.000000	0.000000	0.000000	0.000000	0.000000	1.000000	1.000000	1.000000	NA	0.000000	1.000000	0.000000	NA	0.000000	0.933333	0.000000	4.000000	0.000000	0.000000
PXD004684	0.000000	1.000000	0.000000	0.000000	0.000000	0.000000	0.000000	1.000000	1.000000	1.000000	NA	0.000000	1.000000	1.000000	NA	0.533333	1.000000	0.000000	0.000000	0.000000	0.000000
PXD004987	0.000000	1.000000	0.000000	0.000000	0.000000	0.000000	0.000000	1.000000	0.000000	0.000000	0.000000	0.000000	1.000000	1.000000	NA	0.000000	0.000000	0.000000	1.000000	0.000000	0.000000
PXD005354	0.000000	1.000000	0.000000	0.000000	0.000000	0.000000	0.000000	0.000000	1.000000	0.000000	0.000000	0.000000	1.000000	1.000000	0.000000	0.000000	0.900000	0.000000	0.000000	1.000000	0.000000
PXD005355	0.000000	1.000000	0.000000	0.000000	0.000000	0.000000	0.000000	1.000000	1.000000	0.000000	0.000000	0.000000	1.000000	1.000000	0.000000	0.000000	0.000000	0.000000	0.000000	1.000000	0.000000
PXD005445	0.366667	1.000000	0.000000	0.000000	0.000000	0.000000	0.000000	0.000000	0.000000	0.366667	NA	0.000000	1.000000	0.000000	NA	1.000000	0.533333	0.000000	0.000000	0.000000	0.000000
PXD005463	0.000000	1.000000	0.000000	0.000000	0.000000	0.000000	0.000000	1.000000	1.000000	0.000000	0.000000	0.000000	1.000000	0.000000	NA	0.000000	1.000000	0.000000	4.000000	1.000000	1.000000
PXD006003	0.600000	1.000000	0.000000	0.000000	0.000000	0.000000	0.000000	0.000000	0.000000	0.600000	0.000000	0.000000	1.000000	0.000000	1.000000	1.000000	0.800000	0.000000	1.000000	0.000000	0.233333
PXD006195	0.000000	1.000000	0.000000	0.000000	0.000000	0.000000	0.000000	2.000000	0.000000	0.000000	NA	0.000000	1.000000	1.000000	0.000000	0.000000	0.000000	0.678571	6.000000	0.000000	0.000000
PXD006233	1.000000	1.000000	0.000000	0.000000	0.000000	0.000000	0.000000	1.000000	1.000000	1.000000	NA	0.000000	1.000000	1.000000	NA	1.000000	1.000000	0.000000	0.000000	1.000000	0.000000
PXD006401	0.428571	1.000000	0.000000	0.000000	0.000000	0.000000	0.000000	1.000000	1.000000	0.000000	NA	0.000000	1.000000	1.000000	NA	0.000000	0.000000	0.000000	0.000000	0.000000	1.000000
PXD006675	0.206897	1.000000	0.000000	0.000000	0.000000	0.000000	0.000000	1.000000	1.000000	0.000000	0.137931	0.000000	0.517241	0.000000	NA	1.000000	0.965517	0.000000	0.000000	0.000000	0.000000
PXD007555	1.000000	1.000000	0.000000	0.000000	0.000000	0.000000	0.000000	1.000000	0.000000	1.000000	NA	0.000000	1.000000	0.000000	NA	1.000000	0.000000	1.000000	0.000000	0.000000	0.000000
PXD008722	1.000000	1.000000	0.000000	0.000000	0.000000	0.000000	0.000000	0.000000	0.000000	0.000000	NA	0.000000	0.866667	1.000000	NA	1.000000	0.833333	0.000000	0.000000	0.000000	0.000000
PXD008840	0.000000	1.000000	0.000000	0.000000	0.000000	0.000000	0.000000	NA	1.000000	0.000000	0.000000	0.000000	0.000000	0.000000	NA	1.000000	0.833333	0.866667	1.000000	1.000000	0.000000
PXD008934	1.000000	1.000000	0.000000	0.000000	0.000000	0.000000	0.000000	1.000000	1.000000	1.000000	1.000000	0.000000	1.000000	1.000000	NA	1.366667	0.000000	0.000000	0.000000	0.000000	0.000000
PXD009630	0.000000	1.000000	0.000000	0.000000	0.000000	0.000000	0.000000	1.000000	1.000000	1.000000	0.000000	0.000000	0.000000	0.966667	NA	0.666667	0.000000	0.000000	0.000000	0.000000	0.000000
PXD009815	0.000000	1.000000	0.000000	0.000000	0.000000	0.000000	0.000000	1.000000	0.000000	0.000000	NA	0.000000	1.000000	0.000000	NA	0.000000	0.000000	0.000000	0.000000	0.000000	0.000000
PXD010603	1.000000	1.000000	0.000000	0.000000	0.000000	0.000000	0.000000	NA	1.000000	1.000000	0.000000	0.000000	1.000000	1.000000	NA	0.266667	0.933333	0.000000	1.000000	0.000000	0.000000
PXD011175	0.214286	2.000000	0.000000	0.000000	0.000000	0.000000	0.000000	1.000000	1.000000	0.214286	NA	0.000000	1.000000	1.000000	NA	0.000000	0.964286	0.000000	0.000000	2.000000	0.000000
PXD011799	0.000000	1.000000	0.000000	0.000000	0.000000	0.000000	0.000000	1.000000	1.000000	0.000000	0.000000	0.000000	1.000000	1.000000	NA	1.000000	0.933333	0.000000	10.000000	0.000000	0.000000
PXD012203	0.000000	1.000000	0.000000	0.000000	0.000000	0.000000	0.000000	1.000000	1.000000	0.000000	NA	0.000000	0.566667	1.000000	NA	2.000000	1.000000	0.000000	4.000000	0.000000	0.000000
PXD012255	0.000000	1.000000	0.000000	0.000000	0.000000	0.000000	0.000000	1.000000	1.000000	0.000000	0.000000	0.000000	0.000000	0.000000	0.000000	0.000000	1.000000	0.000000	0.000000	0.000000	0.000000
PXD012755	1.000000	1.000000	0.000000	0.000000	0.000000	0.000000	0.000000	1.000000	1.000000	0.000000	NA	0.000000	1.000000	1.000000	NA	0.481481	0.000000	0.000000	1.000000	0.000000	0.000000
PXD013234	0.000000	2.100000	0.000000	0.000000	0.000000	0.000000	0.000000	0.000000	0.000000	0.000000	0.000000	0.000000	1.000000	1.000000	NA	0.433333	0.000000	0.000000	0.000000	0.000000	0.000000
PXD013523	2.000000	1.000000	0.000000	0.000000	0.000000	0.000000	0.000000	1.000000	1.000000	1.000000	NA	0.000000	1.000000	0.000000	NA	0.633333	0.833333	0.000000	0.000000	0.000000	0.000000
PXD013765	0.000000	2.000000	0.000000	0.000000	0.000000	0.000000	0.000000	0.000000	0.000000	0.000000	1.000000	0.000000	0.700000	1.000000	0.000000	0.000000	1.000000	0.000000	0.000000	0.000000	0.000000
PXD013923	1.000000	2.000000	0.000000	0.000000	0.000000	0.000000	0.000000	0.000000	0.000000	1.000000	1.000000	0.000000	1.000000	0.000000	1.000000	1.000000	1.000000	0.000000	3.000000	0.000000	0.000000
PXD014528	0.000000	2.000000	0.000000	0.000000	0.000000	0.000000	0.000000	0.000000	1.000000	0.000000	0.000000	0.000000	1.000000	0.000000	0.000000	0.000000	0.000000	0.000000	0.000000	1.000000	0.000000
PXD015957	1.000000	1.000000	0.000000	0.000000	0.000000	0.000000	0.000000	0.000000	0.000000	1.000000	0.000000	0.000000	0.666667	0.000000	1.000000	1.000000	0.000000	0.000000	0.000000	0.000000	0.000000
PXD016002	0.000000	1.000000	0.000000	0.000000	0.000000	0.000000	0.000000	0.000000	0.000000	1.133333	NA	0.000000	1.000000	1.000000	NA	1.000000	1.000000	0.000000	6.000000	0.000000	0.000000
PXD016837	1.000000	1.000000	0.000000	0.000000	0.000000	0.000000	0.000000	1.000000	1.000000	1.000000	1.000000	0.000000	1.000000	1.000000	0.000000	1.000000	0.875000	0.000000	1.000000	0.000000	0.000000
PXD017201	0.000000	1.000000	0.000000	0.000000	0.000000	0.000000	0.000000	0.000000	0.000000	0.000000	NA	0.000000	1.000000	1.000000	NA	0.000000	1.000000	0.000000	10.000000	0.000000	0.000000
PXD018117	0.000000	1.000000	0.000000	0.000000	0.000000	0.000000	0.000000	0.000000	0.000000	0.000000	0.000000	0.000000	0.733333	0.000000	0.000000	0.000000	0.000000	0.000000	0.000000	0.000000	0.000000
PXD019113	0.000000	1.000000	0.000000	0.000000	0.000000	0.000000	0.000000	0.000000	0.000000	0.000000	0.000000	0.000000	0.766667	0.000000	1.000000	1.000000	0.000000	0.000000	0.000000	0.000000	0.000000
