PXD	WORKDIR	CLASS	EVIDENCE
PXD022888	/mnt/storage_1/HAMLET/work/9d/2f887b32533ff0c586b5937ced720c	download_command_failed	WARNING: Download failed for 1YWTandKODRKidneyLum_20nov412.raw: Command '['aria2c', '-x', '16', '-s', '16', '-j', '1', '-c', '--file-allocation=none', '--max-tries=10', '--retry-wait=5', '--timeout=600', '-d', '/mnt/storage_1/HAMLET/spectral_files/PXD022888', '-o', '1YWTandKODRKidneyLum_20nov412.raw', 'ftp://ftp.pride.ebi.ac.uk/pride/data/archive/2021/01/PXD022888/1YWTandKODRKidneyLum_20nov412.raw']' returned non-zero exit status 1.
PXD008341	/mnt/storage_1/HAMLET/work/50/3becd7b88d58b30682e71d0f99b83b	download_command_failed	WARNING: Download failed for 2.raw: Command '['aria2c', '-x', '16', '-s', '16', '-j', '1', '-c', '--file-allocation=none', '--max-tries=10', '--retry-wait=5', '--timeout=600', '-d', '/mnt/storage_1/HAMLET/spectral_files/PXD008341', '-o', '2.raw', 'ftp://ftp.pride.ebi.ac.uk/pride/data/archive/2018/02/PXD008341/2.raw']' returned non-zero exit status 1.
PXD021662	/mnt/storage_1/HAMLET/work/ac/9a22a7c1d3c28c408c416940baa885	download_command_failed	WARNING: Download failed for 2018-06-19-140min-200nl-YJ-Vivian-Carla-Koehler-Aim-VO-B.raw: Command '['aria2c', '-x', '16', '-s', '16', '-j', '1', '-c', '--file-allocation=none', '--max-tries=10', '--retry-wait=5', '--timeout=600', '-d', '/mnt/storage_1/HAMLET/spectral_files/PXD021662', '-o', '2018-06-19-140min-200nl-YJ-Vivian-Carla-Koehler-Aim-VO-B.raw', 'ftp://ftp.pride.ebi.ac.uk/pride/data/archive/2022/02/PXD021662/2018-06-19-140min-200nl-YJ-Vivian-Carla-Koehler-Aim-VO-B.raw']' returned non-zero exit status 1.
PXD017229	/mnt/storage_1/HAMLET/work/48/5178ec46740b761d063e540d4c787b	download_command_failed	WARNING: Download failed for PC_002.raw: Command '['aria2c', '-x', '16', '-s', '16', '-j', '1', '-c', '--file-allocation=none', '--max-tries=10', '--retry-wait=5', '--timeout=600', '-d', '/mnt/storage_1/HAMLET/spectral_files/PXD017229', '-o', 'PC_002.raw', 'ftp://ftp.pride.ebi.ac.uk/pride/data/archive/2021/09/PXD017229/PC_002.raw']' returned non-zero exit status 1.
PXD004983	/mnt/storage_1/HAMLET/work/cf/c62ef95d7a53f9d68ff7959f69e55d	download_command_failed	WARNING: Download failed for BV2_1.raw: Command '['aria2c', '-x', '16', '-s', '16', '-j', '1', '-c', '--file-allocation=none', '--max-tries=10', '--retry-wait=5', '--timeout=600', '-d', '/mnt/storage_1/HAMLET/spectral_files/PXD004983', '-o', 'BV2_1.raw', 'ftp://ftp.pride.ebi.ac.uk/pride/data/archive/2017/01/PXD004983/BV2_1.raw']' returned non-zero exit status 1.
PXD015234	/mnt/storage_1/HAMLET/work/ed/edcafd057814c2734a04ce17137a55	download_command_failed	WARNING: Download failed for MS162684QEp_John_Pena_bovine_vitreous_pre-ultra_SO032_1ugVitreouscell-freefraction.raw: Command '['aria2c', '-x', '16', '-s', '16', '-j', '1', '-c', '--file-allocation=none', '--max-tries=10', '--retry-wait=5', '--timeout=600', '-d', '/mnt/storage_1/HAMLET/spectral_files/PXD015234', '-o', 'MS162684QEp_John_Pena_bovine_vitreous_pre-ultra_SO032_1ugVitreouscell-freefraction.raw', 'ftp://ftp.pride.ebi.ac.uk/pride/data/archive/2019/11/PXD015234/MS162684QEp_John_Pena_bovine_vitreous_pre-ultra_SO032_1ugVitreouscell-freefraction.raw']' returned non-zero exit status 1.
PXD001805	/mnt/storage_1/HAMLET/work/b2/29f5f4f3c09f33ad800c3088759326	download_command_failed	WARNING: Download failed for 20140303_Q_FI_ISG15_INF_mix1.raw: Command '['aria2c', '-x', '16', '-s', '16', '-j', '1', '-c', '--file-allocation=none', '--max-tries=10', '--retry-wait=5', '--timeout=600', '-d', '/mnt/storage_1/HAMLET/spectral_files/PXD001805', '-o', '20140303_Q_FI_ISG15_INF_mix1.raw', 'ftp://ftp.pride.ebi.ac.uk/pride/data/archive/2015/07/PXD001805/20140303_Q_FI_ISG15_INF_mix1.raw']' returned non-zero exit status 1.
PXD016814	/mnt/storage_1/HAMLET/work/fc/4bdeb311f713ded70e665d650121f4	download_command_failed	WARNING: Download failed for jlb20190124_AMara_membraneprep.raw: Command '['aria2c', '-x', '16', '-s', '16', '-j', '1', '-c', '--file-allocation=none', '--max-tries=10', '--retry-wait=5', '--timeout=600', '-d', '/mnt/storage_1/HAMLET/spectral_files/PXD016814', '-o', 'jlb20190124_AMara_membraneprep.raw', 'ftp://ftp.pride.ebi.ac.uk/pride/data/archive/2020/04/PXD016814/jlb20190124_AMara_membraneprep.raw']' returned non-zero exit status 1.
PXD013216	/mnt/storage_1/HAMLET/work/c7/91ad3715a8b865b2c9a61976b81228	download_command_failed	WARNING: Download failed for 20170927_QexHF4_RSLC4_Elsner_Leonard_MFPL_insol_PKDCAT12_ArgC_10p.raw: Command '['aria2c', '-x', '16', '-s', '16', '-j', '1', '-c', '--file-allocation=none', '--max-tries=10', '--retry-wait=5', '--timeout=600', '-d', '/mnt/storage_1/HAMLET/spectral_files/PXD013216', '-o', '20170927_QexHF4_RSLC4_Elsner_Leonard_MFPL_insol_PKDCAT12_ArgC_10p.raw', 'ftp://ftp.pride.ebi.ac.uk/pride/data/archive/2019/08/PXD013216/20170927_QexHF4_RSLC4_Elsner_Leonard_MFPL_insol_PKDCAT12_ArgC_10p.raw']' returned non-zero exit status 1.
PXD015790	/mnt/storage_1/HAMLET/work/0b/d24d01cdb5e8f1993eba6b369de6c6	download_command_failed	WARNING: Download failed for 20160113_ZhangQ_N1.raw: Command '['aria2c', '-x', '16', '-s', '16', '-j', '1', '-c', '--file-allocation=none', '--max-tries=10', '--retry-wait=5', '--timeout=600', '-d', '/mnt/storage_1/HAMLET/spectral_files/PXD015790', '-o', '20160113_ZhangQ_N1.raw', 'ftp://ftp.pride.ebi.ac.uk/pride/data/archive/2019/11/PXD015790/20160113_ZhangQ_N1.raw']' returned non-zero exit status 1.
PXD030927	/mnt/storage_1/HAMLET/work/4a/e5a201ef5229d50c76956c86e579fe	download_command_failed	WARNING: Download failed for N_glycosylation_OvarianCancer_20201216_9ug_10ul_20_30_31_TR1.raw: Command '['aria2c', '-x', '16', '-s', '16', '-j', '1', '-c', '--file-allocation=none', '--max-tries=10', '--retry-wait=5', '--timeout=600', '-d', '/mnt/storage_1/HAMLET/spectral_files/PXD030927', '-o', 'N_glycosylation_OvarianCancer_20201216_9ug_10ul_20_30_31_TR1.raw', 'ftp://ftp.pride.ebi.ac.uk/pride/data/archive/2023/03/PXD030927/N_glycosylation_OvarianCancer_20201216_9ug_10ul_20_30_31_TR1.raw']' returned non-zero exit status 1.
PXD013432	/mnt/storage_1/HAMLET/work/a0/5bfa72bc1add0c58e0681b02f0fbed	download_command_failed	WARNING: Download failed for MS184386LUM_mirjam_Klinge_microsporidia_Ribosome_4A_a.raw: Command '['aria2c', '-x', '16', '-s', '16', '-j', '1', '-c', '--file-allocation=none', '--max-tries=10', '--retry-wait=5', '--timeout=600', '-d', '/mnt/storage_1/HAMLET/spectral_files/PXD013432', '-o', 'MS184386LUM_mirjam_Klinge_microsporidia_Ribosome_4A_a.raw', 'ftp://ftp.pride.ebi.ac.uk/pride/data/archive/2019/07/PXD013432/MS184386LUM_mirjam_Klinge_microsporidia_Ribosome_4A_a.raw']' returned non-zero exit status 1.
PXD012337	/mnt/storage_1/HAMLET/work/49/6f366666d3cc6f0b5480f493dfe18d	download_command_failed	WARNING: Download failed for 20180919_RH_SKim_Proteome-2e5.raw: Command '['aria2c', '-x', '16', '-s', '16', '-j', '1', '-c', '--file-allocation=none', '--max-tries=10', '--retry-wait=5', '--timeout=600', '-d', '/mnt/storage_1/HAMLET/spectral_files/PXD012337', '-o', '20180919_RH_SKim_Proteome-2e5.raw', 'ftp://ftp.pride.ebi.ac.uk/pride/data/archive/2021/09/PXD012337/20180919_RH_SKim_Proteome-2e5.raw']' returned non-zero exit status 1.
PXD004997	/mnt/storage_1/HAMLET/work/f0/2ea5e1500e4e33dbcba408d04eba59	download_command_failed	WARNING: Download failed for SA_220116_Bee_mite_male_1.raw: Command '['aria2c', '-x', '16', '-s', '16', '-j', '1', '-c', '--file-allocation=none', '--max-tries=10', '--retry-wait=5', '--timeout=600', '-d', '/mnt/storage_1/HAMLET/spectral_files/PXD004997', '-o', 'SA_220116_Bee_mite_male_1.raw', 'ftp://ftp.pride.ebi.ac.uk/pride/data/archive/2017/01/PXD004997/SA_220116_Bee_mite_male_1.raw']' returned non-zero exit status 1.
PXD023258	/mnt/storage_1/HAMLET/work/53/1f4a9d554e0bab175f9ab7080d3059	download_command_failed	WARNING: Download failed for FP_GFP_top_phos.raw: Command '['aria2c', '-x', '16', '-s', '16', '-j', '1', '-c', '--file-allocation=none', '--max-tries=10', '--retry-wait=5', '--timeout=600', '-d', '/mnt/storage_1/HAMLET/spectral_files/PXD023258', '-o', 'FP_GFP_top_phos.raw', 'ftp://ftp.pride.ebi.ac.uk/pride/data/archive/2021/08/PXD023258/FP_GFP_top_phos.raw']' returned non-zero exit status 1.
PXD024637	/mnt/storage_1/HAMLET/work/e0/4752368037914576dab6ce8dd8f22d	download_command_failed	WARNING: Download failed for TMT2_Aorta.raw: Command '['aria2c', '-x', '16', '-s', '16', '-j', '1', '-c', '--file-allocation=none', '--max-tries=10', '--retry-wait=5', '--timeout=600', '-d', '/mnt/storage_1/HAMLET/spectral_files/PXD024637', '-o', 'TMT2_Aorta.raw', 'ftp://ftp.pride.ebi.ac.uk/pride/data/archive/2022/04/PXD024637/TMT2_Aorta.raw']' returned non-zero exit status 1.
PXD006603	/mnt/storage_1/HAMLET/work/1c/cf193dbb595f5dedbb0e5a8e565395	download_command_failed	WARNING: Download failed for QE0379_NVolkmar_250315_360_SN_2.raw: Command '['aria2c', '-x', '16', '-s', '16', '-j', '1', '-c', '--file-allocation=none', '--max-tries=10', '--retry-wait=5', '--timeout=600', '-d', '/mnt/storage_1/HAMLET/spectral_files/PXD006603', '-o', 'QE0379_NVolkmar_250315_360_SN_2.raw', 'ftp://ftp.pride.ebi.ac.uk/pride/data/archive/2019/01/PXD006603/QE0379_NVolkmar_250315_360_SN_2.raw']' returned non-zero exit status 1.
PXD002548	/mnt/storage_1/HAMLET/work/ba/5f8bd8d228e97337b26b278d041766	download_command_failed	WARNING: Download failed for 2014-0403_iTRAQ-2.raw: Command '['aria2c', '-x', '16', '-s', '16', '-j', '1', '-c', '--file-allocation=none', '--max-tries=10', '--retry-wait=5', '--timeout=600', '-d', '/mnt/storage_1/HAMLET/spectral_files/PXD002548', '-o', '2014-0403_iTRAQ-2.raw', 'ftp://ftp.pride.ebi.ac.uk/pride/data/archive/2016/02/PXD002548/2014-0403_iTRAQ-2.raw']' returned non-zero exit status 1.
PXD020090	/mnt/storage_1/HAMLET/work/54/313fe7cc51dae032f218efd63b57ab	download_command_failed	WARNING: Download failed for 53BP1chromatin.raw: Command '['aria2c', '-x', '16', '-s', '16', '-j', '1', '-c', '--file-allocation=none', '--max-tries=10', '--retry-wait=5', '--timeout=600', '-d', '/mnt/storage_1/HAMLET/spectral_files/PXD020090', '-o', '53BP1chromatin.raw', 'ftp://ftp.pride.ebi.ac.uk/pride/data/archive/2021/09/PXD020090/53BP1chromatin.raw']' returned non-zero exit status 1.
PXD009298	/mnt/storage_1/HAMLET/work/80/81fd8285bcee206ec494b37b9b0bcc	download_command_failed	WARNING: Download failed for 20180215_QE3_nLC11_MEM_COLLAB_GeoG_1299.raw: Command '['aria2c', '-x', '16', '-s', '16', '-j', '1', '-c', '--file-allocation=none', '--max-tries=10', '--retry-wait=5', '--timeout=600', '-d', '/mnt/storage_1/HAMLET/spectral_files/PXD009298', '-o', '20180215_QE3_nLC11_MEM_COLLAB_GeoG_1299.raw', 'ftp://ftp.pride.ebi.ac.uk/pride/data/archive/2018/04/PXD009298/20180215_QE3_nLC11_MEM_COLLAB_GeoG_1299.raw']' returned non-zero exit status 1.
PXD017772	/mnt/storage_1/HAMLET/work/03/bbd2601be9d1f039b67cdc5e03e3b1	download_command_failed	WARNING: Download failed for 180816_dicer_IP1.raw: Command '['aria2c', '-x', '16', '-s', '16', '-j', '1', '-c', '--file-allocation=none', '--max-tries=10', '--retry-wait=5', '--timeout=600', '-d', '/mnt/storage_1/HAMLET/spectral_files/PXD017772', '-o', '180816_dicer_IP1.raw', 'ftp://ftp.pride.ebi.ac.uk/pride/data/archive/2020/06/PXD017772/180816_dicer_IP1.raw']' returned non-zero exit status 1.
PXD006156	/mnt/storage_1/HAMLET/work/da/bbbf18abdf260df58136c72d8d9fa9	download_command_failed	WARNING: Download failed for NONO-KGG-RAW.raw: Command '['aria2c', '-x', '16', '-s', '16', '-j', '1', '-c', '--file-allocation=none', '--max-tries=10', '--retry-wait=5', '--timeout=600', '-d', '/mnt/storage_1/HAMLET/spectral_files/PXD006156', '-o', 'NONO-KGG-RAW.raw', 'ftp://ftp.pride.ebi.ac.uk/pride/data/archive/2018/11/PXD006156/NONO-KGG-RAW.raw']' returned non-zero exit status 1.
PXD004802	/mnt/storage_1/HAMLET/work/10/812f0ff14ae6c42ee1920d96ea97fc	download_command_failed	WARNING: Download failed for 1.raw: Command '['aria2c', '-x', '16', '-s', '16', '-j', '1', '-c', '--file-allocation=none', '--max-tries=10', '--retry-wait=5', '--timeout=600', '-d', '/mnt/storage_1/HAMLET/spectral_files/PXD004802', '-o', '1.raw', 'ftp://ftp.pride.ebi.ac.uk/pride/data/archive/2017/06/PXD004802/1.raw']' returned non-zero exit status 1.
PXD023759	/mnt/storage_1/HAMLET/work/08/0094c8252e43aa0b329fe914426691	download_command_failed	WARNING: Download failed for 90415571maru_ESHP_MALE.raw: Command '['aria2c', '-x', '16', '-s', '16', '-j', '1', '-c', '--file-allocation=none', '--max-tries=10', '--retry-wait=5', '--timeout=600', '-d', '/mnt/storage_1/HAMLET/spectral_files/PXD023759', '-o', '90415571maru_ESHP_MALE.raw', 'ftp://ftp.pride.ebi.ac.uk/pride/data/archive/2021/09/PXD023759/90415571maru_ESHP_MALE.raw']' returned non-zero exit status 1.
PXD008842	/mnt/storage_1/HAMLET/work/02/c317abf2a1d3bffac6b1f032369fcf	download_command_failed	WARNING: Download failed for EH_Digly_Set2.raw: Command '['aria2c', '-x', '16', '-s', '16', '-j', '1', '-c', '--file-allocation=none', '--max-tries=10', '--retry-wait=5', '--timeout=600', '-d', '/mnt/storage_1/HAMLET/spectral_files/PXD008842', '-o', 'EH_Digly_Set2.raw', 'ftp://ftp.pride.ebi.ac.uk/pride/data/archive/2018/03/PXD008842/EH_Digly_Set2.raw']' returned non-zero exit status 1.
PXD016385	/mnt/storage_1/HAMLET/work/7b/ba675406f78ff4dd4dae4e9530ca9e	download_command_failed	WARNING: Download failed for QE1091218_Hu_17_Ctr_450mg_dL.raw: Command '['aria2c', '-x', '16', '-s', '16', '-j', '1', '-c', '--file-allocation=none', '--max-tries=10', '--retry-wait=5', '--timeout=600', '-d', '/mnt/storage_1/HAMLET/spectral_files/PXD016385', '-o', 'QE1091218_Hu_17_Ctr_450mg_dL.raw', 'ftp://ftp.pride.ebi.ac.uk/pride/data/archive/2020/08/PXD016385/QE1091218_Hu_17_Ctr_450mg_dL.raw']' returned non-zero exit status 1.
PXD008215	/mnt/storage_1/HAMLET/work/65/294291b24b460985f1e647317f6088	download_command_failed	WARNING: Download failed for Zou_Rappsilber_JW_MCAK_S6E.raw: Command '['aria2c', '-x', '16', '-s', '16', '-j', '1', '-c', '--file-allocation=none', '--max-tries=10', '--retry-wait=5', '--timeout=600', '-d', '/mnt/storage_1/HAMLET/spectral_files/PXD008215', '-o', 'Zou_Rappsilber_JW_MCAK_S6E.raw', 'ftp://ftp.pride.ebi.ac.uk/pride/data/archive/2019/01/PXD008215/Zou_Rappsilber_JW_MCAK_S6E.raw']' returned non-zero exit status 1.
PXD016311	/mnt/storage_1/HAMLET/work/58/8e8ec760c517a5d50cbe96113c8940	download_command_failed	WARNING: Download failed for GS_L_02.raw: Command '['aria2c', '-x', '16', '-s', '16', '-j', '1', '-c', '--file-allocation=none', '--max-tries=10', '--retry-wait=5', '--timeout=600', '-d', '/mnt/storage_1/HAMLET/spectral_files/PXD016311', '-o', 'GS_L_02.raw', 'ftp://ftp.pride.ebi.ac.uk/pride/data/archive/2021/09/PXD016311/GS_L_02.raw']' returned non-zero exit status 1.
PXD010217	/mnt/storage_1/HAMLET/work/45/54118ba75d70a268bdbf33af047dbc	download_command_failed	WARNING: Download failed for 093014_CK_RixPD359.raw: Command '['aria2c', '-x', '16', '-s', '16', '-j', '1', '-c', '--file-allocation=none', '--max-tries=10', '--retry-wait=5', '--timeout=600', '-d', '/mnt/storage_1/HAMLET/spectral_files/PXD010217', '-o', '093014_CK_RixPD359.raw', 'ftp://ftp.pride.ebi.ac.uk/pride/data/archive/2019/01/PXD010217/093014_CK_RixPD359.raw']' returned non-zero exit status 1.
PXD023032	/mnt/storage_1/HAMLET/work/5a/cab3b74da0045c62e19c512a3568c6	download_command_failed	WARNING: Download failed for 08102020_HLA_0_5.raw: Command '['aria2c', '-x', '16', '-s', '16', '-j', '1', '-c', '--file-allocation=none', '--max-tries=10', '--retry-wait=5', '--timeout=600', '-d', '/mnt/storage_1/HAMLET/spectral_files/PXD023032', '-o', '08102020_HLA_0_5.raw', 'ftp://ftp.pride.ebi.ac.uk/pride/data/archive/2021/08/PXD023032/08102020_HLA_0_5.raw']' returned non-zero exit status 1.
PXD017670	/mnt/storage_1/HAMLET/work/ec/adab3402acf0106e4567cde14e3bf3	download_command_failed	WARNING: Download failed for QEplus025644.raw: Command '['aria2c', '-x', '16', '-s', '16', '-j', '1', '-c', '--file-allocation=none', '--max-tries=10', '--retry-wait=5', '--timeout=600', '-d', '/mnt/storage_1/HAMLET/spectral_files/PXD017670', '-o', 'QEplus025644.raw', 'ftp://ftp.pride.ebi.ac.uk/pride/data/archive/2020/05/PXD017670/QEplus025644.raw']' returned non-zero exit status 1.
PXD023860	/mnt/storage_1/HAMLET/work/f1/de2de2a66b7282d6ea6552440b7e9e	download_command_failed	WARNING: Download failed for 33304_EV_2.raw: Command '['aria2c', '-x', '16', '-s', '16', '-j', '1', '-c', '--file-allocation=none', '--max-tries=10', '--retry-wait=5', '--timeout=600', '-d', '/mnt/storage_1/HAMLET/spectral_files/PXD023860', '-o', '33304_EV_2.raw', 'ftp://ftp.pride.ebi.ac.uk/pride/data/archive/2021/09/PXD023860/33304_EV_2.raw']' returned non-zero exit status 1.
PXD020482	/mnt/storage_1/HAMLET/work/18/255a1e1a4857e4b5cbd9ee5e8d206a	download_command_failed	WARNING: Download failed for PS1MR2_MC1.raw: Command '['aria2c', '-x', '16', '-s', '16', '-j', '1', '-c', '--file-allocation=none', '--max-tries=10', '--retry-wait=5', '--timeout=600', '-d', '/mnt/storage_1/HAMLET/spectral_files/PXD020482', '-o', 'PS1MR2_MC1.raw', 'ftp://ftp.pride.ebi.ac.uk/pride/data/archive/2020/12/PXD020482/PS1MR2_MC1.raw']' returned non-zero exit status 1.
PXD021423	/mnt/storage_1/HAMLET/work/76/2699702a1c35f70d2738250bf518fb	download_command_failed	WARNING: Download failed for Z8218LPCr_BSPF.raw: Command '['aria2c', '-x', '16', '-s', '16', '-j', '1', '-c', '--file-allocation=none', '--max-tries=10', '--retry-wait=5', '--timeout=600', '-d', '/mnt/storage_1/HAMLET/spectral_files/PXD021423', '-o', 'Z8218LPCr_BSPF.raw', 'ftp://ftp.pride.ebi.ac.uk/pride/data/archive/2021/09/PXD021423/Z8218LPCr_BSPF.raw']' returned non-zero exit status 1.
PXD018112	/mnt/storage_1/HAMLET/work/c2/7e6ba79f45266deab230edd078c0d7	download_command_failed	WARNING: Download failed for AM_A.raw: Command '['aria2c', '-x', '16', '-s', '16', '-j', '1', '-c', '--file-allocation=none', '--max-tries=10', '--retry-wait=5', '--timeout=600', '-d', '/mnt/storage_1/HAMLET/spectral_files/PXD018112', '-o', 'AM_A.raw', 'ftp://ftp.pride.ebi.ac.uk/pride/data/archive/2020/07/PXD018112/AM_A.raw']' returned non-zero exit status 1.
PXD010952	/mnt/storage_1/HAMLET/work/d8/276081b31c3e05ade41f11033cdb20	download_command_failed	WARNING: Download failed for 7196TQ_8.raw: Command '['aria2c', '-x', '16', '-s', '16', '-j', '1', '-c', '--file-allocation=none', '--max-tries=10', '--retry-wait=5', '--timeout=600', '-d', '/mnt/storage_1/HAMLET/spectral_files/PXD010952', '-o', '7196TQ_8.raw', 'ftp://ftp.pride.ebi.ac.uk/pride/data/archive/2018/11/PXD010952/7196TQ_8.raw']' returned non-zero exit status 1.
PXD005048	/mnt/storage_1/HAMLET/work/64/0d8d1bcab32ef889dba8233763886b	download_command_failed	WARNING: Download failed for 2012-043_MJF_ART_PLASMODIUM-MOUSE.raw: Command '['aria2c', '-x', '16', '-s', '16', '-j', '1', '-c', '--file-allocation=none', '--max-tries=10', '--retry-wait=5', '--timeout=600', '-d', '/mnt/storage_1/HAMLET/spectral_files/PXD005048', '-o', '2012-043_MJF_ART_PLASMODIUM-MOUSE.raw', 'ftp://ftp.pride.ebi.ac.uk/pride/data/archive/2018/10/PXD005048/2012-043_MJF_ART_PLASMODIUM-MOUSE.raw']' returned non-zero exit status 1.
PXD022606	/mnt/storage_1/HAMLET/work/79/4de1f40b9929948caaefd99f1664fa	download_command_failed	WARNING: Download failed for Ac-IP-plus1-LysC-yeast-single-channel.raw: Command '['aria2c', '-x', '16', '-s', '16', '-j', '1', '-c', '--file-allocation=none', '--max-tries=10', '--retry-wait=5', '--timeout=600', '-d', '/mnt/storage_1/HAMLET/spectral_files/PXD022606', '-o', 'Ac-IP-plus1-LysC-yeast-single-channel.raw', 'ftp://ftp.pride.ebi.ac.uk/pride/data/archive/2021/06/PXD022606/Ac-IP-plus1-LysC-yeast-single-channel.raw']' returned non-zero exit status 1.
PXD017351	/mnt/storage_1/HAMLET/work/25/81dd577df9aee93d45dfd1eaa8dacd	rate_limited_429	Found PMID 32894293 for PXD017351, querying PMC...
PXD036634	/mnt/storage_1/HAMLET/work/32/06bc14cb87ab02b4c13c7364bebfa4	download_command_failed	WARNING: Download failed for LD028GI_Flag.raw: Command '['aria2c', '-x', '16', '-s', '16', '-j', '1', '-c', '--file-allocation=none', '--max-tries=10', '--retry-wait=5', '--timeout=600', '-d', '/mnt/storage_1/HAMLET/spectral_files/PXD036634', '-o', 'LD028GI_Flag.raw', 'ftp://ftp.pride.ebi.ac.uk/pride/data/archive/2024/07/PXD036634/LD028GI_Flag.raw']' returned non-zero exit status 1.
PXD017293	/mnt/storage_1/HAMLET/work/10/baf3aa8be1ba3c3bf5ed29375f72a3	download_command_failed	WARNING: Download failed for 2176_Kasny_Orbi1_direct_135min-IS_HCD_1_Recal.raw: Command '['aria2c', '-x', '16', '-s', '16', '-j', '1', '-c', '--file-allocation=none', '--max-tries=10', '--retry-wait=5', '--timeout=600', '-d', '/mnt/storage_1/HAMLET/spectral_files/PXD017293', '-o', '2176_Kasny_Orbi1_direct_135min-IS_HCD_1_Recal.raw', 'ftp://ftp.pride.ebi.ac.uk/pride/data/archive/2021/04/PXD017293/2176_Kasny_Orbi1_direct_135min-IS_HCD_1_Recal.raw']' returned non-zero exit status 1.
PXD011999	/mnt/storage_1/HAMLET/work/00/256903558c9f775fc6b0ae131a9277	download_command_failed	WARNING: Download failed for 2015_0821_DARPIN_A.raw: Command '['aria2c', '-x', '16', '-s', '16', '-j', '1', '-c', '--file-allocation=none', '--max-tries=10', '--retry-wait=5', '--timeout=600', '-d', '/mnt/storage_1/HAMLET/spectral_files/PXD011999', '-o', '2015_0821_DARPIN_A.raw', 'ftp://ftp.pride.ebi.ac.uk/pride/data/archive/2019/01/PXD011999/2015_0821_DARPIN_A.raw']' returned non-zero exit status 1.
PXD019302	/mnt/storage_1/HAMLET/work/8e/989693fb94c110676f5d079aeba034	download_command_failed	WARNING: Download failed for HFX1_FPEP190619114-1A.raw: Command '['aria2c', '-x', '16', '-s', '16', '-j', '1', '-c', '--file-allocation=none', '--max-tries=10', '--retry-wait=5', '--timeout=600', '-d', '/mnt/storage_1/HAMLET/spectral_files/PXD019302', '-o', 'HFX1_FPEP190619114-1A.raw', 'ftp://ftp.pride.ebi.ac.uk/pride/data/archive/2020/07/PXD019302/HFX1_FPEP190619114-1A.raw']' returned non-zero exit status 1.
PXD013599	/mnt/storage_1/HAMLET/work/83/4f08aa2fa9b4b3385180b6df609e79	download_command_failed	WARNING: Download failed for 181206_RG_Peptidomics_402_NAE125NTZ_B_HB145.raw: Command '['aria2c', '-x', '16', '-s', '16', '-j', '1', '-c', '--file-allocation=none', '--max-tries=10', '--retry-wait=5', '--timeout=600', '-d', '/mnt/storage_1/HAMLET/spectral_files/PXD013599', '-o', '181206_RG_Peptidomics_402_NAE125NTZ_B_HB145.raw', 'ftp://ftp.pride.ebi.ac.uk/pride/data/archive/2019/10/PXD013599/181206_RG_Peptidomics_402_NAE125NTZ_B_HB145.raw']' returned non-zero exit status 1.
PXD011863	/mnt/storage_1/HAMLET/work/5b/0287937a4e3f48de9f05937a776805	download_command_failed	WARNING: Download failed for UDE-AXX7-Si00-7B-P-B-Pr_2uL.raw: Command '['aria2c', '-x', '16', '-s', '16', '-j', '1', '-c', '--file-allocation=none', '--max-tries=10', '--retry-wait=5', '--timeout=600', '-d', '/mnt/storage_1/HAMLET/spectral_files/PXD011863', '-o', 'UDE-AXX7-Si00-7B-P-B-Pr_2uL.raw', 'ftp://ftp.pride.ebi.ac.uk/pride/data/archive/2020/06/PXD011863/UDE-AXX7-Si00-7B-P-B-Pr_2uL.raw']' returned non-zero exit status 1.
PXD016919	/mnt/storage_1/HAMLET/work/94/342bb80b792f9203d1b31ec89f2343	download_command_failed	WARNING: Download failed for CRY1-withTorin1.raw: Command '['aria2c', '-x', '16', '-s', '16', '-j', '1', '-c', '--file-allocation=none', '--max-tries=10', '--retry-wait=5', '--timeout=600', '-d', '/mnt/storage_1/HAMLET/spectral_files/PXD016919', '-o', 'CRY1-withTorin1.raw', 'ftp://ftp.pride.ebi.ac.uk/pride/data/archive/2020/02/PXD016919/CRY1-withTorin1.raw']' returned non-zero exit status 1.
PXD009777	/mnt/storage_1/HAMLET/work/ec/5780b32ac965533b37d3b57ab6818a	download_command_failed	WARNING: Download failed for HSP70-p53EThcD.raw: Command '['aria2c', '-x', '16', '-s', '16', '-j', '1', '-c', '--file-allocation=none', '--max-tries=10', '--retry-wait=5', '--timeout=600', '-d', '/mnt/storage_1/HAMLET/spectral_files/PXD009777', '-o', 'HSP70-p53EThcD.raw', 'ftp://ftp.pride.ebi.ac.uk/pride/data/archive/2019/03/PXD009777/HSP70-p53EThcD.raw']' returned non-zero exit status 1.
PXD009375	/mnt/storage_1/HAMLET/work/0f/4d729ed7ac68fa94db5f73b7ff3171	download_command_failed	WARNING: Download failed for 20170930_coreQEP1_AnWe_LC12-16_SA_Orbi2586Sample02Fraction02.raw: Command '['aria2c', '-x', '16', '-s', '16', '-j', '1', '-c', '--file-allocation=none', '--max-tries=10', '--retry-wait=5', '--timeout=600', '-d', '/mnt/storage_1/HAMLET/spectral_files/PXD009375', '-o', '20170930_coreQEP1_AnWe_LC12-16_SA_Orbi2586Sample02Fraction02.raw', 'ftp://ftp.pride.ebi.ac.uk/pride/data/archive/2020/05/PXD009375/20170930_coreQEP1_AnWe_LC12-16_SA_Orbi2586Sample02Fraction02.raw']' returned non-zero exit status 1.
PXD039035	/mnt/storage_1/HAMLET/work/6e/829f4214ac84a740766d64fc34f2ee	download_command_failed	WARNING: Download failed for IJ_FSM_TMT_2.raw: Command '['aria2c', '-x', '16', '-s', '16', '-j', '1', '-c', '--file-allocation=none', '--max-tries=10', '--retry-wait=5', '--timeout=600', '-d', '/mnt/storage_1/HAMLET/spectral_files/PXD039035', '-o', 'IJ_FSM_TMT_2.raw', 'ftp://ftp.pride.ebi.ac.uk/pride/data/archive/2024/01/PXD039035/IJ_FSM_TMT_2.raw']' returned non-zero exit status 1.
PXD009266	/mnt/storage_1/HAMLET/work/9c/c7b5f8694d05ee947f7926f3fa5574	download_command_failed	WARNING: Download failed for 0000_service_ZhangLingqiang_180302_HF5_CZH_human_S_50per_F1_R1.raw: Command '['aria2c', '-x', '16', '-s', '16', '-j', '1', '-c', '--file-allocation=none', '--max-tries=10', '--retry-wait=5', '--timeout=600', '-d', '/mnt/storage_1/HAMLET/spectral_files/PXD009266', '-o', '0000_service_ZhangLingqiang_180302_HF5_CZH_human_S_50per_F1_R1.raw', 'ftp://ftp.pride.ebi.ac.uk/pride/data/archive/2018/05/PXD009266/0000_service_ZhangLingqiang_180302_HF5_CZH_human_S_50per_F1_R1.raw']' returned non-zero exit status 1.
PXD020418	/mnt/storage_1/HAMLET/work/d7/3c2db868b3b803e3a3b6f460ecdbb1	download_command_failed	WARNING: Download failed for Arr_Tryp2.raw: Command '['aria2c', '-x', '16', '-s', '16', '-j', '1', '-c', '--file-allocation=none', '--max-tries=10', '--retry-wait=5', '--timeout=600', '-d', '/mnt/storage_1/HAMLET/spectral_files/PXD020418', '-o', 'Arr_Tryp2.raw', 'ftp://ftp.pride.ebi.ac.uk/pride/data/archive/2020/09/PXD020418/Arr_Tryp2.raw']' returned non-zero exit status 1.
PXD039998	/mnt/storage_1/HAMLET/work/61/d9d6b6b1cbae9d90cd184897e37be2	download_command_failed	WARNING: Download failed for 01.raw: Command '['aria2c', '-x', '16', '-s', '16', '-j', '1', '-c', '--file-allocation=none', '--max-tries=10', '--retry-wait=5', '--timeout=600', '-d', '/mnt/storage_1/HAMLET/spectral_files/PXD039998', '-o', '01.raw', 'ftp://ftp.pride.ebi.ac.uk/pride/data/archive/2023/10/PXD039998/01.raw']' returned non-zero exit status 1.
PXD016858	/mnt/storage_1/HAMLET/work/c7/400c62fe0ccb66be2e06d48a37626d	download_command_failed	WARNING: Download failed for P17507_B_175_1_F5.raw: Command '['aria2c', '-x', '16', '-s', '16', '-j', '1', '-c', '--file-allocation=none', '--max-tries=10', '--retry-wait=5', '--timeout=600', '-d', '/mnt/storage_1/HAMLET/spectral_files/PXD016858', '-o', 'P17507_B_175_1_F5.raw', 'ftp://ftp.pride.ebi.ac.uk/pride/data/archive/2021/09/PXD016858/P17507_B_175_1_F5.raw']' returned non-zero exit status 1.
PXD025590	/mnt/storage_1/HAMLET/work/f6/c0ab611bbfb37551ef9c7e8ec81605	download_command_failed	WARNING: Download failed for FA09-20_Lane_12_1-4_Lumos.raw: Command '['aria2c', '-x', '16', '-s', '16', '-j', '1', '-c', '--file-allocation=none', '--max-tries=10', '--retry-wait=5', '--timeout=600', '-d', '/mnt/storage_1/HAMLET/spectral_files/PXD025590', '-o', 'FA09-20_Lane_12_1-4_Lumos.raw', 'ftp://ftp.pride.ebi.ac.uk/pride/data/archive/2021/08/PXD025590/FA09-20_Lane_12_1-4_Lumos.raw']' returned non-zero exit status 1.
PXD026512	/mnt/storage_1/HAMLET/work/8a/25cb8e6672a97381949ec771f658fa	download_command_failed	WARNING: Download failed for BPI_15251_HUMAN_DENG_HV_NT_NO4.raw: Command '['aria2c', '-x', '16', '-s', '16', '-j', '1', '-c', '--file-allocation=none', '--max-tries=10', '--retry-wait=5', '--timeout=600', '-d', '/mnt/storage_1/HAMLET/spectral_files/PXD026512', '-o', 'BPI_15251_HUMAN_DENG_HV_NT_NO4.raw', 'ftp://ftp.pride.ebi.ac.uk/pride/data/archive/2022/02/PXD026512/BPI_15251_HUMAN_DENG_HV_NT_NO4.raw']' returned non-zero exit status 1.
PXD027015	/mnt/storage_1/HAMLET/work/6f/a37c012f94e6dba53ffe5661c87925	download_command_failed	WARNING: Download failed for 20200724_QExHFX1_RSLC1_Uezuelmez_Breiteneder_ext_Uni_MFPL_rArah2_50p.raw: Command '['aria2c', '-x', '16', '-s', '16', '-j', '1', '-c', '--file-allocation=none', '--max-tries=10', '--retry-wait=5', '--timeout=600', '-d', '/mnt/storage_1/HAMLET/spectral_files/PXD027015', '-o', '20200724_QExHFX1_RSLC1_Uezuelmez_Breiteneder_ext_Uni_MFPL_rArah2_50p.raw', 'ftp://ftp.pride.ebi.ac.uk/pride/data/archive/2021/09/PXD027015/20200724_QExHFX1_RSLC1_Uezuelmez_Breiteneder_ext_Uni_MFPL_rArah2_50p.raw']' returned non-zero exit status 1.
PXD027053	/mnt/storage_1/HAMLET/work/0a/26ade9144fdb9da4943636244fc01f	download_command_failed	WARNING: Download failed for 266_1.raw: Command '['aria2c', '-x', '16', '-s', '16', '-j', '1', '-c', '--file-allocation=none', '--max-tries=10', '--retry-wait=5', '--timeout=600', '-d', '/mnt/storage_1/HAMLET/spectral_files/PXD027053', '-o', '266_1.raw', 'ftp://ftp.pride.ebi.ac.uk/pride/data/archive/2022/05/PXD027053/266_1.raw']' returned non-zero exit status 1.
PXD027882	/mnt/storage_1/HAMLET/work/6f/f818167a64a14546beaa8806e7ff48	download_command_failed	WARNING: Download failed for pp_2021_008_-A5A.raw: Command '['aria2c', '-x', '16', '-s', '16', '-j', '1', '-c', '--file-allocation=none', '--max-tries=10', '--retry-wait=5', '--timeout=600', '-d', '/mnt/storage_1/HAMLET/spectral_files/PXD027882', '-o', 'pp_2021_008_-A5A.raw', 'ftp://ftp.pride.ebi.ac.uk/pride/data/archive/2022/02/PXD027882/pp_2021_008_-A5A.raw']' returned non-zero exit status 1.
PXD027841	/mnt/storage_1/HAMLET/work/1a/325852f3913e3689914dc2048a3321	download_command_failed	WARNING: Download failed for 20200226_2_1stQE_nomura22_S03_B3tL_Res_IT_IW08_List3.raw: Command '['aria2c', '-x', '16', '-s', '16', '-j', '1', '-c', '--file-allocation=none', '--max-tries=10', '--retry-wait=5', '--timeout=600', '-d', '/mnt/storage_1/HAMLET/spectral_files/PXD027841', '-o', '20200226_2_1stQE_nomura22_S03_B3tL_Res_IT_IW08_List3.raw', 'ftp://ftp.pride.ebi.ac.uk/pride/data/archive/2022/02/PXD027841/20200226_2_1stQE_nomura22_S03_B3tL_Res_IT_IW08_List3.raw']' returned non-zero exit status 1.
PXD028480	/mnt/storage_1/HAMLET/work/ea/3d50b313c1b5217301d7ea8d931811	download_command_failed	WARNING: Download failed for Lumos03924-SKY-WHY-WYL-20210824-F-C5_20210901170715.raw: Command '['aria2c', '-x', '16', '-s', '16', '-j', '1', '-c', '--file-allocation=none', '--max-tries=10', '--retry-wait=5', '--timeout=600', '-d', '/mnt/storage_1/HAMLET/spectral_files/PXD028480', '-o', 'Lumos03924-SKY-WHY-WYL-20210824-F-C5_20210901170715.raw', 'ftp://ftp.pride.ebi.ac.uk/pride/data/archive/2022/10/PXD028480/Lumos03924-SKY-WHY-WYL-20210824-F-C5_20210901170715.raw']' returned non-zero exit status 1.
PXD028151	/mnt/storage_1/HAMLET/work/8a/cff67ca9550f7c899ed9ed49a017d4	download_command_failed	WARNING: Download failed for 20170516_QE7_nLC3_DBJ_SA_COLLAB_MAX_TMT10phos_2mg_4th_02.raw: Command '['aria2c', '-x', '16', '-s', '16', '-j', '1', '-c', '--file-allocation=none', '--max-tries=10', '--retry-wait=5', '--timeout=600', '-d', '/mnt/storage_1/HAMLET/spectral_files/PXD028151', '-o', '20170516_QE7_nLC3_DBJ_SA_COLLAB_MAX_TMT10phos_2mg_4th_02.raw', 'ftp://ftp.pride.ebi.ac.uk/pride/data/archive/2021/09/PXD028151/20170516_QE7_nLC3_DBJ_SA_COLLAB_MAX_TMT10phos_2mg_4th_02.raw']' returned non-zero exit status 1.
PXD029013	/mnt/storage_1/HAMLET/work/08/03921477bf3ac2a9676b76b713f7f6	download_command_failed	WARNING: Download failed for 001_Pilot_C19.raw: Command '['aria2c', '-x', '16', '-s', '16', '-j', '1', '-c', '--file-allocation=none', '--max-tries=10', '--retry-wait=5', '--timeout=600', '-d', '/mnt/storage_1/HAMLET/spectral_files/PXD029013', '-o', '001_Pilot_C19.raw', 'ftp://ftp.pride.ebi.ac.uk/pride/data/archive/2022/02/PXD029013/001_Pilot_C19.raw']' returned non-zero exit status 1.
PXD029141	/mnt/storage_1/HAMLET/work/08/aedb3aa66b0f35dc003b0d3dfa7a3f	download_command_failed	WARNING: Download failed for Orbi05963-anti.raw: Command '['aria2c', '-x', '16', '-s', '16', '-j', '1', '-c', '--file-allocation=none', '--max-tries=10', '--retry-wait=5', '--timeout=600', '-d', '/mnt/storage_1/HAMLET/spectral_files/PXD029141', '-o', 'Orbi05963-anti.raw', 'ftp://ftp.pride.ebi.ac.uk/pride/data/archive/2022/02/PXD029141/Orbi05963-anti.raw']' returned non-zero exit status 1.
PXD029335	/mnt/storage_1/HAMLET/work/01/6f33cd84b912a7df40f81ae3cdf030	download_command_failed	WARNING: Download failed for 20150826mb_7611_w.raw: Command '['aria2c', '-x', '16', '-s', '16', '-j', '1', '-c', '--file-allocation=none', '--max-tries=10', '--retry-wait=5', '--timeout=600', '-d', '/mnt/storage_1/HAMLET/spectral_files/PXD029335', '-o', '20150826mb_7611_w.raw', 'ftp://ftp.pride.ebi.ac.uk/pride/data/archive/2021/12/PXD029335/20150826mb_7611_w.raw']' returned non-zero exit status 1.
PXD029361	/mnt/storage_1/HAMLET/work/68/a95de7ba7d4c0e294d24e619aae93a	download_command_failed	WARNING: Download failed for QEP2_DLEV_with_SAM_DDA_310116.raw: Command '['aria2c', '-x', '16', '-s', '16', '-j', '1', '-c', '--file-allocation=none', '--max-tries=10', '--retry-wait=5', '--timeout=600', '-d', '/mnt/storage_1/HAMLET/spectral_files/PXD029361', '-o', 'QEP2_DLEV_with_SAM_DDA_310116.raw', 'ftp://ftp.pride.ebi.ac.uk/pride/data/archive/2022/08/PXD029361/QEP2_DLEV_with_SAM_DDA_310116.raw']' returned non-zero exit status 1.
PXD029574	/mnt/storage_1/HAMLET/work/89/439cf1976fb28111acd5a27a4607be	download_command_failed	WARNING: Download failed for MSB39528A.raw: Command '['aria2c', '-x', '16', '-s', '16', '-j', '1', '-c', '--file-allocation=none', '--max-tries=10', '--retry-wait=5', '--timeout=600', '-d', '/mnt/storage_1/HAMLET/spectral_files/PXD029574', '-o', 'MSB39528A.raw', 'ftp://ftp.pride.ebi.ac.uk/pride/data/archive/2022/01/PXD029574/MSB39528A.raw']' returned non-zero exit status 1.
PXD029629	/mnt/storage_1/HAMLET/work/f4/66fcb9cbf3f15298d67ec3bcd52688	download_command_failed	WARNING: Download failed for C2.raw: Command '['aria2c', '-x', '16', '-s', '16', '-j', '1', '-c', '--file-allocation=none', '--max-tries=10', '--retry-wait=5', '--timeout=600', '-d', '/mnt/storage_1/HAMLET/spectral_files/PXD029629', '-o', 'C2.raw', 'ftp://ftp.pride.ebi.ac.uk/pride/data/archive/2022/04/PXD029629/C2.raw']' returned non-zero exit status 1.
PXD029783	/mnt/storage_1/HAMLET/work/60/44ccb969a0e3ccd1febe08480f0379	download_command_failed	WARNING: Download failed for 20170202_NW_AN_CloneA.raw: Command '['aria2c', '-x', '16', '-s', '16', '-j', '1', '-c', '--file-allocation=none', '--max-tries=10', '--retry-wait=5', '--timeout=600', '-d', '/mnt/storage_1/HAMLET/spectral_files/PXD029783', '-o', '20170202_NW_AN_CloneA.raw', 'ftp://ftp.pride.ebi.ac.uk/pride/data/archive/2022/05/PXD029783/20170202_NW_AN_CloneA.raw']' returned non-zero exit status 1.
PXD030730	/mnt/storage_1/HAMLET/work/d4/12bd67440f570c57bb6420fd296c71	download_command_failed	WARNING: Download failed for 20210707-06-MiNT.raw: Command '['aria2c', '-x', '16', '-s', '16', '-j', '1', '-c', '--file-allocation=none', '--max-tries=10', '--retry-wait=5', '--timeout=600', '-d', '/mnt/storage_1/HAMLET/spectral_files/PXD030730', '-o', '20210707-06-MiNT.raw', 'ftp://ftp.pride.ebi.ac.uk/pride/data/archive/2022/02/PXD030730/20210707-06-MiNT.raw']' returned non-zero exit status 1.
PXD054249	/mnt/storage_1/HAMLET/work/12/475c64fc75bfb667b12dc1040faaee	download_command_failed	WARNING: Download failed for XIAO-1197_Human_737-147-D-D_StrapDig_PSRtrapPGcolumn_25cm_90min_20230314_QE.raw: Command '['aria2c', '-x', '16', '-s', '16', '-j', '1', '-c', '--file-allocation=none', '--max-tries=10', '--retry-wait=5', '--timeout=600', '-d', '/mnt/storage_1/HAMLET/spectral_files/PXD054249', '-o', 'XIAO-1197_Human_737-147-D-D_StrapDig_PSRtrapPGcolumn_25cm_90min_20230314_QE.raw', 'ftp://ftp.pride.ebi.ac.uk/pride/data/archive/2025/05/PXD054249/XIAO-1197_Human_737-147-D-D_StrapDig_PSRtrapPGcolumn_25cm_90min_20230314_QE.raw']' returned non-zero exit status 1.
PXD030847	/mnt/storage_1/HAMLET/work/5c/963899d82fe427bc6a51d6ab1c43d7	download_command_failed	WARNING: Download failed for FS1_8111_PZRE_BOS-2_1_151018_20181025020947.raw: Command '['aria2c', '-x', '16', '-s', '16', '-j', '1', '-c', '--file-allocation=none', '--max-tries=10', '--retry-wait=5', '--timeout=600', '-d', '/mnt/storage_1/HAMLET/spectral_files/PXD030847', '-o', 'FS1_8111_PZRE_BOS-2_1_151018_20181025020947.raw', 'ftp://ftp.pride.ebi.ac.uk/pride/data/archive/2022/05/PXD030847/FS1_8111_PZRE_BOS-2_1_151018_20181025020947.raw']' returned non-zero exit status 1.
PXD030883	/mnt/storage_1/HAMLET/work/a5/0606d39e57ff5a7f078a1917a3d5ef	download_command_failed	WARNING: Download failed for 20211124_CO_1051JoSc_R25.raw: Command '['aria2c', '-x', '16', '-s', '16', '-j', '1', '-c', '--file-allocation=none', '--max-tries=10', '--retry-wait=5', '--timeout=600', '-d', '/mnt/storage_1/HAMLET/spectral_files/PXD030883', '-o', '20211124_CO_1051JoSc_R25.raw', 'ftp://ftp.pride.ebi.ac.uk/pride/data/archive/2022/05/PXD030883/20211124_CO_1051JoSc_R25.raw']' returned non-zero exit status 1.
PXD030978	/mnt/storage_1/HAMLET/work/c1/27b643e857e03afaf44ef3d9c41473	download_command_failed	WARNING: Download failed for Andrew_45kDa_digest.raw: Command '['aria2c', '-x', '16', '-s', '16', '-j', '1', '-c', '--file-allocation=none', '--max-tries=10', '--retry-wait=5', '--timeout=600', '-d', '/mnt/storage_1/HAMLET/spectral_files/PXD030978', '-o', 'Andrew_45kDa_digest.raw', 'ftp://ftp.pride.ebi.ac.uk/pride/data/archive/2022/03/PXD030978/Andrew_45kDa_digest.raw']' returned non-zero exit status 1.
PXD031064	/mnt/storage_1/HAMLET/work/c9/b1a89daa855e60a1bc41669d1653c5	download_command_failed	WARNING: Download failed for R1.raw: Command '['aria2c', '-x', '16', '-s', '16', '-j', '1', '-c', '--file-allocation=none', '--max-tries=10', '--retry-wait=5', '--timeout=600', '-d', '/mnt/storage_1/HAMLET/spectral_files/PXD031064', '-o', 'R1.raw', 'ftp://ftp.pride.ebi.ac.uk/pride/data/archive/2022/05/PXD031064/R1.raw']' returned non-zero exit status 1.
PXD031703	/mnt/storage_1/HAMLET/work/82/b904525866d47489cee1bb44938f69	download_command_failed	WARNING: Download failed for j41628_SQSTM1_YE.raw: Command '['aria2c', '-x', '16', '-s', '16', '-j', '1', '-c', '--file-allocation=none', '--max-tries=10', '--retry-wait=5', '--timeout=600', '-d', '/mnt/storage_1/HAMLET/spectral_files/PXD031703', '-o', 'j41628_SQSTM1_YE.raw', 'ftp://ftp.pride.ebi.ac.uk/pride/data/archive/2022/05/PXD031703/j41628_SQSTM1_YE.raw']' returned non-zero exit status 1.
PXD031801	/mnt/storage_1/HAMLET/work/1e/65ece40fffbb6eb9a2639a4f524669	download_command_failed	WARNING: Download failed for MS201900102_PKA2.raw: Command '['aria2c', '-x', '16', '-s', '16', '-j', '1', '-c', '--file-allocation=none', '--max-tries=10', '--retry-wait=5', '--timeout=600', '-d', '/mnt/storage_1/HAMLET/spectral_files/PXD031801', '-o', 'MS201900102_PKA2.raw', 'ftp://ftp.pride.ebi.ac.uk/pride/data/archive/2022/06/PXD031801/MS201900102_PKA2.raw']' returned non-zero exit status 1.
PXD031873	/mnt/storage_1/HAMLET/work/eb/fb3084569807c906f7f3bdbca2cee3	download_command_failed	WARNING: Download failed for 20170531_Q2_UC_ColID_363_ProjID_614_Schumacher_1.raw: Command '['aria2c', '-x', '16', '-s', '16', '-j', '1', '-c', '--file-allocation=none', '--max-tries=10', '--retry-wait=5', '--timeout=600', '-d', '/mnt/storage_1/HAMLET/spectral_files/PXD031873', '-o', '20170531_Q2_UC_ColID_363_ProjID_614_Schumacher_1.raw', 'ftp://ftp.pride.ebi.ac.uk/pride/data/archive/2022/10/PXD031873/20170531_Q2_UC_ColID_363_ProjID_614_Schumacher_1.raw']' returned non-zero exit status 1.
PXD031971	/mnt/storage_1/HAMLET/work/96/41c3d7aedc6a46c5c0545c1d17cda6	download_command_failed	WARNING: Download failed for 20P02370002.raw: Command '['aria2c', '-x', '16', '-s', '16', '-j', '1', '-c', '--file-allocation=none', '--max-tries=10', '--retry-wait=5', '--timeout=600', '-d', '/mnt/storage_1/HAMLET/spectral_files/PXD031971', '-o', '20P02370002.raw', 'ftp://ftp.pride.ebi.ac.uk/pride/data/archive/2023/03/PXD031971/20P02370002.raw']' returned non-zero exit status 1.
PXD030715	/mnt/storage_1/HAMLET/work/2e/1c3a2ddcaa744387ee44235f8eea3e	download_command_failed	WARNING: Download failed for 20171107_Supernatant_Normalization.raw: Command '['aria2c', '-x', '16', '-s', '16', '-j', '1', '-c', '--file-allocation=none', '--max-tries=10', '--retry-wait=5', '--timeout=600', '-d', '/mnt/storage_1/HAMLET/spectral_files/PXD030715', '-o', '20171107_Supernatant_Normalization.raw', 'ftp://ftp.pride.ebi.ac.uk/pride/data/archive/2023/05/PXD030715/20171107_Supernatant_Normalization.raw']' returned non-zero exit status 1.
PXD032027	/mnt/storage_1/HAMLET/work/2d/f12bc6a1b6fe74ac7b3a9b117c5082	download_command_failed	WARNING: Download failed for LXT-3.raw: Command '['aria2c', '-x', '16', '-s', '16', '-j', '1', '-c', '--file-allocation=none', '--max-tries=10', '--retry-wait=5', '--timeout=600', '-d', '/mnt/storage_1/HAMLET/spectral_files/PXD032027', '-o', 'LXT-3.raw', 'ftp://ftp.pride.ebi.ac.uk/pride/data/archive/2023/05/PXD032027/LXT-3.raw']' returned non-zero exit status 1.
PXD057905	/mnt/storage_1/HAMLET/work/56/111d2f0bdcdd966e233258cac0de57	download_command_failed	WARNING: Download failed for QE990_MSQ1434_20180802_DafniPefani_1_P55_CTRL_dil1-3_1_2ul.raw: Command '['aria2c', '-x', '16', '-s', '16', '-j', '1', '-c', '--file-allocation=none', '--max-tries=10', '--retry-wait=5', '--timeout=600', '-d', '/mnt/storage_1/HAMLET/spectral_files/PXD057905', '-o', 'QE990_MSQ1434_20180802_DafniPefani_1_P55_CTRL_dil1-3_1_2ul.raw', 'ftp://ftp.pride.ebi.ac.uk/pride/data/archive/2025/05/PXD057905/QE990_MSQ1434_20180802_DafniPefani_1_P55_CTRL_dil1-3_1_2ul.raw']' returned non-zero exit status 1.
PXD032086	/mnt/storage_1/HAMLET/work/25/36aac9d5de825c827af05a5adef891	download_command_failed	WARNING: Download failed for KashinaA-19-G137-Band2-QEP.raw: Command '['aria2c', '-x', '16', '-s', '16', '-j', '1', '-c', '--file-allocation=none', '--max-tries=10', '--retry-wait=5', '--timeout=600', '-d', '/mnt/storage_1/HAMLET/spectral_files/PXD032086', '-o', 'KashinaA-19-G137-Band2-QEP.raw', 'ftp://ftp.pride.ebi.ac.uk/pride/data/archive/2023/03/PXD032086/KashinaA-19-G137-Band2-QEP.raw']' returned non-zero exit status 1.
PXD032144	/mnt/storage_1/HAMLET/work/4f/4799003d77f218df67a3ce7c98e264	download_command_failed	WARNING: Download failed for P1079_Batch_C.raw: Command '['aria2c', '-x', '16', '-s', '16', '-j', '1', '-c', '--file-allocation=none', '--max-tries=10', '--retry-wait=5', '--timeout=600', '-d', '/mnt/storage_1/HAMLET/spectral_files/PXD032144', '-o', 'P1079_Batch_C.raw', 'ftp://ftp.pride.ebi.ac.uk/pride/data/archive/2022/07/PXD032144/P1079_Batch_C.raw']' returned non-zero exit status 1.
PXD032209	/mnt/storage_1/HAMLET/work/36/9910d9477a9abae5c9f1aecdaef328	download_command_failed	WARNING: Download failed for A549_LPS.raw: Command '['aria2c', '-x', '16', '-s', '16', '-j', '1', '-c', '--file-allocation=none', '--max-tries=10', '--retry-wait=5', '--timeout=600', '-d', '/mnt/storage_1/HAMLET/spectral_files/PXD032209', '-o', 'A549_LPS.raw', 'ftp://ftp.pride.ebi.ac.uk/pride/data/archive/2022/08/PXD032209/A549_LPS.raw']' returned non-zero exit status 1.
PXD032360	/mnt/storage_1/HAMLET/work/aa/623031577712a8ce169929553b0eac	download_command_failed	WARNING: Download failed for F14-19.raw: Command '['aria2c', '-x', '16', '-s', '16', '-j', '1', '-c', '--file-allocation=none', '--max-tries=10', '--retry-wait=5', '--timeout=600', '-d', '/mnt/storage_1/HAMLET/spectral_files/PXD032360', '-o', 'F14-19.raw', 'ftp://ftp.pride.ebi.ac.uk/pride/data/archive/2022/11/PXD032360/F14-19.raw']' returned non-zero exit status 1.
PXD032738	/mnt/storage_1/HAMLET/work/7f/3212d49a1bb292a93816182a9a8e50	download_command_failed	WARNING: Download failed for R2.raw: Command '['aria2c', '-x', '16', '-s', '16', '-j', '1', '-c', '--file-allocation=none', '--max-tries=10', '--retry-wait=5', '--timeout=600', '-d', '/mnt/storage_1/HAMLET/spectral_files/PXD032738', '-o', 'R2.raw', 'ftp://ftp.pride.ebi.ac.uk/pride/data/archive/2022/09/PXD032738/R2.raw']' returned non-zero exit status 1.
PXD032931	/mnt/storage_1/HAMLET/work/30/9b1669b08bf95d55ddfd9dea6daa18	download_command_failed	WARNING: Download failed for PrkA_S219E_PrkC_ATP.raw: Command '['aria2c', '-x', '16', '-s', '16', '-j', '1', '-c', '--file-allocation=none', '--max-tries=10', '--retry-wait=5', '--timeout=600', '-d', '/mnt/storage_1/HAMLET/spectral_files/PXD032931', '-o', 'PrkA_S219E_PrkC_ATP.raw', 'ftp://ftp.pride.ebi.ac.uk/pride/data/archive/2022/10/PXD032931/PrkA_S219E_PrkC_ATP.raw']' returned non-zero exit status 1.
PXD033099	/mnt/storage_1/HAMLET/work/35/86864029ce0730531ff31df039325e	download_command_failed	WARNING: Download failed for Mito.raw: Command '['aria2c', '-x', '16', '-s', '16', '-j', '1', '-c', '--file-allocation=none', '--max-tries=10', '--retry-wait=5', '--timeout=600', '-d', '/mnt/storage_1/HAMLET/spectral_files/PXD033099', '-o', 'Mito.raw', 'ftp://ftp.pride.ebi.ac.uk/pride/data/archive/2023/10/PXD033099/Mito.raw']' returned non-zero exit status 1.
PXD033047	/mnt/storage_1/HAMLET/work/aa/d75c913d72eeea69e3a9f5c05a814d	download_command_failed	WARNING: Download failed for potato_chloroplast_04_.raw: Command '['aria2c', '-x', '16', '-s', '16', '-j', '1', '-c', '--file-allocation=none', '--max-tries=10', '--retry-wait=5', '--timeout=600', '-d', '/mnt/storage_1/HAMLET/spectral_files/PXD033047', '-o', 'potato_chloroplast_04_.raw', 'ftp://ftp.pride.ebi.ac.uk/pride/data/archive/2022/08/PXD033047/potato_chloroplast_04_.raw']' returned non-zero exit status 1.
PXD033112	/mnt/storage_1/HAMLET/work/d8/d113cf9c622b21b86586a3de985fb4	download_command_failed	WARNING: Download failed for 293T.raw: Command '['aria2c', '-x', '16', '-s', '16', '-j', '1', '-c', '--file-allocation=none', '--max-tries=10', '--retry-wait=5', '--timeout=600', '-d', '/mnt/storage_1/HAMLET/spectral_files/PXD033112', '-o', '293T.raw', 'ftp://ftp.pride.ebi.ac.uk/pride/data/archive/2023/10/PXD033112/293T.raw']' returned non-zero exit status 1.
PXD033196	/mnt/storage_1/HAMLET/work/b0/ef1dabb1aaf2e84be2e3c94e560bbb	download_command_failed	WARNING: Download failed for 20210510-ZHX-CON.raw: Command '['aria2c', '-x', '16', '-s', '16', '-j', '1', '-c', '--file-allocation=none', '--max-tries=10', '--retry-wait=5', '--timeout=600', '-d', '/mnt/storage_1/HAMLET/spectral_files/PXD033196', '-o', '20210510-ZHX-CON.raw', 'ftp://ftp.pride.ebi.ac.uk/pride/data/archive/2023/03/PXD033196/20210510-ZHX-CON.raw']' returned non-zero exit status 1.
PXD033342	/mnt/storage_1/HAMLET/work/e5/17c95bac31fb783de62b3214cbc665	download_command_failed	WARNING: Download failed for MS212156-vero-s-2-lytic.raw: Command '['aria2c', '-x', '16', '-s', '16', '-j', '1', '-c', '--file-allocation=none', '--max-tries=10', '--retry-wait=5', '--timeout=600', '-d', '/mnt/storage_1/HAMLET/spectral_files/PXD033342', '-o', 'MS212156-vero-s-2-lytic.raw', 'ftp://ftp.pride.ebi.ac.uk/pride/data/archive/2023/05/PXD033342/MS212156-vero-s-2-lytic.raw']' returned non-zero exit status 1.
PXD033469	/mnt/storage_1/HAMLET/work/09/5b8d593c54b66b5d4b7049d68af429	download_command_failed	WARNING: Download failed for NXY.raw: Command '['aria2c', '-x', '16', '-s', '16', '-j', '1', '-c', '--file-allocation=none', '--max-tries=10', '--retry-wait=5', '--timeout=600', '-d', '/mnt/storage_1/HAMLET/spectral_files/PXD033469', '-o', 'NXY.raw', 'ftp://ftp.pride.ebi.ac.uk/pride/data/archive/2022/10/PXD033469/NXY.raw']' returned non-zero exit status 1.
PXD033536	/mnt/storage_1/HAMLET/work/23/15e5f50fd933b6b188b83a2131ccb6	download_command_failed	WARNING: Download failed for 210305_QE_18_152_Shirai_HUDEP_HbFI_2uL.raw: Command '['aria2c', '-x', '16', '-s', '16', '-j', '1', '-c', '--file-allocation=none', '--max-tries=10', '--retry-wait=5', '--timeout=600', '-d', '/mnt/storage_1/HAMLET/spectral_files/PXD033536', '-o', '210305_QE_18_152_Shirai_HUDEP_HbFI_2uL.raw', 'ftp://ftp.pride.ebi.ac.uk/pride/data/archive/2023/03/PXD033536/210305_QE_18_152_Shirai_HUDEP_HbFI_2uL.raw']' returned non-zero exit status 1.
PXD034074	/mnt/storage_1/HAMLET/work/03/bda17715b700a39138b0069622c34a	download_command_failed	WARNING: Download failed for F9527LQB1_H_WT_E.raw: Command '['aria2c', '-x', '16', '-s', '16', '-j', '1', '-c', '--file-allocation=none', '--max-tries=10', '--retry-wait=5', '--timeout=600', '-d', '/mnt/storage_1/HAMLET/spectral_files/PXD034074', '-o', 'F9527LQB1_H_WT_E.raw', 'ftp://ftp.pride.ebi.ac.uk/pride/data/archive/2022/08/PXD034074/F9527LQB1_H_WT_E.raw']' returned non-zero exit status 1.
PXD035048	/mnt/storage_1/HAMLET/work/2b/a472eb3270067d433de3c2463a41fc	download_command_failed	WARNING: Download failed for MW_2106_0117_U3.raw: Command '['aria2c', '-x', '16', '-s', '16', '-j', '1', '-c', '--file-allocation=none', '--max-tries=10', '--retry-wait=5', '--timeout=600', '-d', '/mnt/storage_1/HAMLET/spectral_files/PXD035048', '-o', 'MW_2106_0117_U3.raw', 'ftp://ftp.pride.ebi.ac.uk/pride/data/archive/2023/03/PXD035048/MW_2106_0117_U3.raw']' returned non-zero exit status 1.
PXD035650	/mnt/storage_1/HAMLET/work/43/d3f5b2bddd4ad6beca657f2b6038ea	download_command_failed	WARNING: Download failed for 2D_5C_N3.raw: Command '['aria2c', '-x', '16', '-s', '16', '-j', '1', '-c', '--file-allocation=none', '--max-tries=10', '--retry-wait=5', '--timeout=600', '-d', '/mnt/storage_1/HAMLET/spectral_files/PXD035650', '-o', '2D_5C_N3.raw', 'ftp://ftp.pride.ebi.ac.uk/pride/data/archive/2023/10/PXD035650/2D_5C_N3.raw']' returned non-zero exit status 1.
PXD035722	/mnt/storage_1/HAMLET/work/88/fe639d335caa8f716e5b5ddb963e56	download_command_failed	WARNING: Download failed for R20210901912_UMUC_G3IP.raw: Command '['aria2c', '-x', '16', '-s', '16', '-j', '1', '-c', '--file-allocation=none', '--max-tries=10', '--retry-wait=5', '--timeout=600', '-d', '/mnt/storage_1/HAMLET/spectral_files/PXD035722', '-o', 'R20210901912_UMUC_G3IP.raw', 'ftp://ftp.pride.ebi.ac.uk/pride/data/archive/2024/05/PXD035722/R20210901912_UMUC_G3IP.raw']' returned non-zero exit status 1.
PXD036005	/mnt/storage_1/HAMLET/work/b6/e28d020aae0a514cb205ed25bb491c	download_command_failed	WARNING: Download failed for glc7.raw: Command '['aria2c', '-x', '16', '-s', '16', '-j', '1', '-c', '--file-allocation=none', '--max-tries=10', '--retry-wait=5', '--timeout=600', '-d', '/mnt/storage_1/HAMLET/spectral_files/PXD036005', '-o', 'glc7.raw', 'ftp://ftp.pride.ebi.ac.uk/pride/data/archive/2023/10/PXD036005/glc7.raw']' returned non-zero exit status 1.
PXD036192	/mnt/storage_1/HAMLET/work/5f/04273bb77c9d7590bacc10de06c7ba	download_command_failed	WARNING: Download failed for CCE20200902_Brianna_Klein_KutateladzeLab_sample1_approx1pmol_hfx1.raw: Command '['aria2c', '-x', '16', '-s', '16', '-j', '1', '-c', '--file-allocation=none', '--max-tries=10', '--retry-wait=5', '--timeout=600', '-d', '/mnt/storage_1/HAMLET/spectral_files/PXD036192', '-o', 'CCE20200902_Brianna_Klein_KutateladzeLab_sample1_approx1pmol_hfx1.raw', 'ftp://ftp.pride.ebi.ac.uk/pride/data/archive/2023/03/PXD036192/CCE20200902_Brianna_Klein_KutateladzeLab_sample1_approx1pmol_hfx1.raw']' returned non-zero exit status 1.
PXD036200	/mnt/storage_1/HAMLET/work/7d/7d6be943e1e5cda77da78f6134dc80	download_command_failed	WARNING: Download failed for liuwei94.raw: Command '['aria2c', '-x', '16', '-s', '16', '-j', '1', '-c', '--file-allocation=none', '--max-tries=10', '--retry-wait=5', '--timeout=600', '-d', '/mnt/storage_1/HAMLET/spectral_files/PXD036200', '-o', 'liuwei94.raw', 'ftp://ftp.pride.ebi.ac.uk/pride/data/archive/2023/10/PXD036200/liuwei94.raw']' returned non-zero exit status 1.
PXD036197	/mnt/storage_1/HAMLET/work/60/46ed8d43b93df8b3b15eaaed3343eb	download_command_failed	WARNING: Download failed for RE158LQ_KO_1.raw: Command '['aria2c', '-x', '16', '-s', '16', '-j', '1', '-c', '--file-allocation=none', '--max-tries=10', '--retry-wait=5', '--timeout=600', '-d', '/mnt/storage_1/HAMLET/spectral_files/PXD036197', '-o', 'RE158LQ_KO_1.raw', 'ftp://ftp.pride.ebi.ac.uk/pride/data/archive/2022/11/PXD036197/RE158LQ_KO_1.raw']' returned non-zero exit status 1.
PXD036675	/mnt/storage_1/HAMLET/work/09/100da6dfce69730f2c315f3e4e94e7	download_command_failed	WARNING: Download failed for OF_20210921_DES_01.raw: Command '['aria2c', '-x', '16', '-s', '16', '-j', '1', '-c', '--file-allocation=none', '--max-tries=10', '--retry-wait=5', '--timeout=600', '-d', '/mnt/storage_1/HAMLET/spectral_files/PXD036675', '-o', 'OF_20210921_DES_01.raw', 'ftp://ftp.pride.ebi.ac.uk/pride/data/archive/2023/03/PXD036675/OF_20210921_DES_01.raw']' returned non-zero exit status 1.
PXD040899	/mnt/storage_1/HAMLET/work/24/28b92f956c51d551429c9993780fcd	download_command_failed	WARNING: Download failed for PRF_Q_2023_L_QI_924_57591.raw: Command '['aria2c', '-x', '16', '-s', '16', '-j', '1', '-c', '--file-allocation=none', '--max-tries=10', '--retry-wait=5', '--timeout=600', '-d', '/mnt/storage_1/HAMLET/spectral_files/PXD040899', '-o', 'PRF_Q_2023_L_QI_924_57591.raw', 'ftp://ftp.pride.ebi.ac.uk/pride/data/archive/2023/04/PXD040899/PRF_Q_2023_L_QI_924_57591.raw']' returned non-zero exit status 1.
PXD041051	/mnt/storage_1/HAMLET/work/6b/02c357cd7e3cfbc930692804e730f2	download_command_failed	WARNING: Download failed for R20201201740_CRR.raw: Command '['aria2c', '-x', '16', '-s', '16', '-j', '1', '-c', '--file-allocation=none', '--max-tries=10', '--retry-wait=5', '--timeout=600', '-d', '/mnt/storage_1/HAMLET/spectral_files/PXD041051', '-o', 'R20201201740_CRR.raw', 'ftp://ftp.pride.ebi.ac.uk/pride/data/archive/2026/02/PXD041051/R20201201740_CRR.raw']' returned non-zero exit status 1.
PXD041561	/mnt/storage_1/HAMLET/work/19/18bde5bc4694c16bac2ef26e7f1316	download_command_failed	WARNING: Download failed for BC_No2.raw: Command '['aria2c', '-x', '16', '-s', '16', '-j', '1', '-c', '--file-allocation=none', '--max-tries=10', '--retry-wait=5', '--timeout=600', '-d', '/mnt/storage_1/HAMLET/spectral_files/PXD041561', '-o', 'BC_No2.raw', 'ftp://ftp.pride.ebi.ac.uk/pride/data/archive/2023/07/PXD041561/BC_No2.raw']' returned non-zero exit status 1.
PXD041514	/mnt/storage_1/HAMLET/work/2e/99e96aef64a7669438fa9908fda150	download_command_failed	WARNING: Download failed for NC.raw: Command '['aria2c', '-x', '16', '-s', '16', '-j', '1', '-c', '--file-allocation=none', '--max-tries=10', '--retry-wait=5', '--timeout=600', '-d', '/mnt/storage_1/HAMLET/spectral_files/PXD041514', '-o', 'NC.raw', 'ftp://ftp.pride.ebi.ac.uk/pride/data/archive/2023/10/PXD041514/NC.raw']' returned non-zero exit status 1.
PXD041775	/mnt/storage_1/HAMLET/work/da/d77cb0f1905415a6b69085b5c3c213	download_command_failed	WARNING: Download failed for Seq72978_QE3_pWT-FynDN.raw: Command '['aria2c', '-x', '16', '-s', '16', '-j', '1', '-c', '--file-allocation=none', '--max-tries=10', '--retry-wait=5', '--timeout=600', '-d', '/mnt/storage_1/HAMLET/spectral_files/PXD041775', '-o', 'Seq72978_QE3_pWT-FynDN.raw', 'ftp://ftp.pride.ebi.ac.uk/pride/data/archive/2023/10/PXD041775/Seq72978_QE3_pWT-FynDN.raw']' returned non-zero exit status 1.
PXD041782	/mnt/storage_1/HAMLET/work/73/57decb478e1d62370ce2df2373c818	download_command_failed	WARNING: Download failed for VA086LQ_Vec_CDDP.raw: Command '['aria2c', '-x', '16', '-s', '16', '-j', '1', '-c', '--file-allocation=none', '--max-tries=10', '--retry-wait=5', '--timeout=600', '-d', '/mnt/storage_1/HAMLET/spectral_files/PXD041782', '-o', 'VA086LQ_Vec_CDDP.raw', 'ftp://ftp.pride.ebi.ac.uk/pride/data/archive/2023/08/PXD041782/VA086LQ_Vec_CDDP.raw']' returned non-zero exit status 1.
PXD042397	/mnt/storage_1/HAMLET/work/34/012f63ddfd6fc5f027644fb2c2c881	download_command_failed	WARNING: Download failed for YAS202302190009_1_HIS.raw: Command '['aria2c', '-x', '16', '-s', '16', '-j', '1', '-c', '--file-allocation=none', '--max-tries=10', '--retry-wait=5', '--timeout=600', '-d', '/mnt/storage_1/HAMLET/spectral_files/PXD042397', '-o', 'YAS202302190009_1_HIS.raw', 'ftp://ftp.pride.ebi.ac.uk/pride/data/archive/2023/10/PXD042397/YAS202302190009_1_HIS.raw']' returned non-zero exit status 1.
PXD042575	/mnt/storage_1/HAMLET/work/c5/742148e72eb2fd47e3a26d54095a6c	download_command_failed	WARNING: Download failed for JCP_100422_ACscrib_pSTY_cx43_kinase_assay_triplicate_12plex.raw: Command '['aria2c', '-x', '16', '-s', '16', '-j', '1', '-c', '--file-allocation=none', '--max-tries=10', '--retry-wait=5', '--timeout=600', '-d', '/mnt/storage_1/HAMLET/spectral_files/PXD042575', '-o', 'JCP_100422_ACscrib_pSTY_cx43_kinase_assay_triplicate_12plex.raw', 'ftp://ftp.pride.ebi.ac.uk/pride/data/archive/2025/01/PXD042575/JCP_100422_ACscrib_pSTY_cx43_kinase_assay_triplicate_12plex.raw']' returned non-zero exit status 1.
PXD042914	/mnt/storage_1/HAMLET/work/9b/b10c55bbfea6d8a8595c4973737ca8	rate_limited_429	ERROR conda.cli.main_run:execute(142): `conda run python /mnt/storage_1/HAMLET/src/python/FetchPXD.py --central_mzml_dir /mnt/storage_1/HAMLET/spectral_files --PXD PXD042914 --use_aria2c --aria2c_threads 16 --max_raw_files 30 --log_file fetch/events.jsonl` failed. (See above for error)
PXD043087	/mnt/storage_1/HAMLET/work/92/ae741bce94000ced2934950492effa	download_command_failed	WARNING: Download failed for YD202LPSTB1_NC.raw: Command '['aria2c', '-x', '16', '-s', '16', '-j', '1', '-c', '--file-allocation=none', '--max-tries=10', '--retry-wait=5', '--timeout=600', '-d', '/mnt/storage_1/HAMLET/spectral_files/PXD043087', '-o', 'YD202LPSTB1_NC.raw', 'ftp://ftp.pride.ebi.ac.uk/pride/data/archive/2024/07/PXD043087/YD202LPSTB1_NC.raw']' returned non-zero exit status 1.
PXD043535	/mnt/storage_1/HAMLET/work/b2/9683985bf6b40d8cc941433a2e1ab4	download_command_failed	WARNING: Download failed for R20211002056_IGG.raw: Command '['aria2c', '-x', '16', '-s', '16', '-j', '1', '-c', '--file-allocation=none', '--max-tries=10', '--retry-wait=5', '--timeout=600', '-d', '/mnt/storage_1/HAMLET/spectral_files/PXD043535', '-o', 'R20211002056_IGG.raw', 'ftp://ftp.pride.ebi.ac.uk/pride/data/archive/2024/07/PXD043535/R20211002056_IGG.raw']' returned non-zero exit status 1.
PXD043500	/mnt/storage_1/HAMLET/work/ff/8d8ef8256f71afc8f33cfbc057d1e8	download_command_failed	WARNING: Download failed for R20220901668.raw: Command '['aria2c', '-x', '16', '-s', '16', '-j', '1', '-c', '--file-allocation=none', '--max-tries=10', '--retry-wait=5', '--timeout=600', '-d', '/mnt/storage_1/HAMLET/spectral_files/PXD043500', '-o', 'R20220901668.raw', 'ftp://ftp.pride.ebi.ac.uk/pride/data/archive/2024/06/PXD043500/R20220901668.raw']' returned non-zero exit status 1.
PXD044743	/mnt/storage_1/HAMLET/work/c9/c1f2ca6abc4e42470522fa2c78faca	download_command_failed	WARNING: Download failed for 20200816_EXPL5_nLC7_MEM_collab_77min_DDA_Ancient_labblank_1836_01.raw: Command '['aria2c', '-x', '16', '-s', '16', '-j', '1', '-c', '--file-allocation=none', '--max-tries=10', '--retry-wait=5', '--timeout=600', '-d', '/mnt/storage_1/HAMLET/spectral_files/PXD044743', '-o', '20200816_EXPL5_nLC7_MEM_collab_77min_DDA_Ancient_labblank_1836_01.raw', 'ftp://ftp.pride.ebi.ac.uk/pride/data/archive/2024/02/PXD044743/20200816_EXPL5_nLC7_MEM_collab_77min_DDA_Ancient_labblank_1836_01.raw']' returned non-zero exit status 1.
PXD044750	/mnt/storage_1/HAMLET/work/a2/1539060fd422d6a9a8953ba356ce79	download_command_failed	WARNING: Download failed for PRF_Q_2020_Y_OSAW_412_49753.raw: Command '['aria2c', '-x', '16', '-s', '16', '-j', '1', '-c', '--file-allocation=none', '--max-tries=10', '--retry-wait=5', '--timeout=600', '-d', '/mnt/storage_1/HAMLET/spectral_files/PXD044750', '-o', 'PRF_Q_2020_Y_OSAW_412_49753.raw', 'ftp://ftp.pride.ebi.ac.uk/pride/data/archive/2024/01/PXD044750/PRF_Q_2020_Y_OSAW_412_49753.raw']' returned non-zero exit status 1.
PXD044860	/mnt/storage_1/HAMLET/work/ea/128a0dddce77711c845cf5c8ea7ad5	download_command_failed	WARNING: Download failed for Lum_22jul2703.raw: Command '['aria2c', '-x', '16', '-s', '16', '-j', '1', '-c', '--file-allocation=none', '--max-tries=10', '--retry-wait=5', '--timeout=600', '-d', '/mnt/storage_1/HAMLET/spectral_files/PXD044860', '-o', 'Lum_22jul2703.raw', 'ftp://ftp.pride.ebi.ac.uk/pride/data/archive/2024/01/PXD044860/Lum_22jul2703.raw']' returned non-zero exit status 1.
PXD045770	/mnt/storage_1/HAMLET/work/d6/b261575b9e5f9f04e5bee43d018852	download_command_failed	WARNING: Download failed for Mix1_SGBS_F2.raw: Command '['aria2c', '-x', '16', '-s', '16', '-j', '1', '-c', '--file-allocation=none', '--max-tries=10', '--retry-wait=5', '--timeout=600', '-d', '/mnt/storage_1/HAMLET/spectral_files/PXD045770', '-o', 'Mix1_SGBS_F2.raw', 'ftp://ftp.pride.ebi.ac.uk/pride/data/archive/2024/06/PXD045770/Mix1_SGBS_F2.raw']' returned non-zero exit status 1.
PXD039939	/mnt/storage_1/HAMLET/work/0b/5aff2b26dc9ffb5822142e05523a46	download_command_failed	WARNING: Download failed for ACE_0701_JB01_240min.raw: Command '['aria2c', '-x', '16', '-s', '16', '-j', '1', '-c', '--file-allocation=none', '--max-tries=10', '--retry-wait=5', '--timeout=600', '-d', '/mnt/storage_1/HAMLET/spectral_files/PXD039939', '-o', 'ACE_0701_JB01_240min.raw', 'ftp://ftp.pride.ebi.ac.uk/pride/data/archive/2023/07/PXD039939/ACE_0701_JB01_240min.raw']' returned non-zero exit status 1.
PXD047066	/mnt/storage_1/HAMLET/work/56/04c8cf013dd311aad9fd02a3904381	download_command_failed	WARNING: Download failed for 23P11920001.raw: Command '['aria2c', '-x', '16', '-s', '16', '-j', '1', '-c', '--file-allocation=none', '--max-tries=10', '--retry-wait=5', '--timeout=600', '-d', '/mnt/storage_1/HAMLET/spectral_files/PXD047066', '-o', '23P11920001.raw', 'ftp://ftp.pride.ebi.ac.uk/pride/data/archive/2024/04/PXD047066/23P11920001.raw']' returned non-zero exit status 1.
PXD047758	/mnt/storage_1/HAMLET/work/17/f296d7abeeff8fe490b0bfe757ea2d	download_command_failed	WARNING: Download failed for pEX1_ml_6251_20230317_S1_T70C_b5_Alexa488_2uL_1.raw: Command '['aria2c', '-x', '16', '-s', '16', '-j', '1', '-c', '--file-allocation=none', '--max-tries=10', '--retry-wait=5', '--timeout=600', '-d', '/mnt/storage_1/HAMLET/spectral_files/PXD047758', '-o', 'pEX1_ml_6251_20230317_S1_T70C_b5_Alexa488_2uL_1.raw', 'ftp://ftp.pride.ebi.ac.uk/pride/data/archive/2024/06/PXD047758/pEX1_ml_6251_20230317_S1_T70C_b5_Alexa488_2uL_1.raw']' returned non-zero exit status 1.
PXD047910	/mnt/storage_1/HAMLET/work/29/db3e824f08d354be0d38c6a69ff22a	download_command_failed	WARNING: Download failed for 20230802_HCA_N_IgG_18O_Deglycosylated.raw: Command '['aria2c', '-x', '16', '-s', '16', '-j', '1', '-c', '--file-allocation=none', '--max-tries=10', '--retry-wait=5', '--timeout=600', '-d', '/mnt/storage_1/HAMLET/spectral_files/PXD047910', '-o', '20230802_HCA_N_IgG_18O_Deglycosylated.raw', 'ftp://ftp.pride.ebi.ac.uk/pride/data/archive/2024/05/PXD047910/20230802_HCA_N_IgG_18O_Deglycosylated.raw']' returned non-zero exit status 1.
PXD048381	/mnt/storage_1/HAMLET/work/3a/f32c7d2909a3a33596ea2ba8ca34fe	download_command_failed	WARNING: Download failed for Leia_20231127_KF_BSA_MerckMucus_3.raw: Command '['aria2c', '-x', '16', '-s', '16', '-j', '1', '-c', '--file-allocation=none', '--max-tries=10', '--retry-wait=5', '--timeout=600', '-d', '/mnt/storage_1/HAMLET/spectral_files/PXD048381', '-o', 'Leia_20231127_KF_BSA_MerckMucus_3.raw', 'ftp://ftp.pride.ebi.ac.uk/pride/data/archive/2024/07/PXD048381/Leia_20231127_KF_BSA_MerckMucus_3.raw']' returned non-zero exit status 1.
PXD048451	/mnt/storage_1/HAMLET/work/0d/aacfbfdaf248f60f9bf3a06295eb54	download_command_failed	WARNING: Download failed for YAS202304100085_1_HUMAN_HUCCT1_IP_IGG.raw: Command '['aria2c', '-x', '16', '-s', '16', '-j', '1', '-c', '--file-allocation=none', '--max-tries=10', '--retry-wait=5', '--timeout=600', '-d', '/mnt/storage_1/HAMLET/spectral_files/PXD048451', '-o', 'YAS202304100085_1_HUMAN_HUCCT1_IP_IGG.raw', 'ftp://ftp.pride.ebi.ac.uk/pride/data/archive/2025/08/PXD048451/YAS202304100085_1_HUMAN_HUCCT1_IP_IGG.raw']' returned non-zero exit status 1.
PXD048763	/mnt/storage_1/HAMLET/work/9b/7b7c11cb466c6fa96358e59b4a815b	download_command_failed	WARNING: Download failed for QEplus036111.raw: Command '['aria2c', '-x', '16', '-s', '16', '-j', '1', '-c', '--file-allocation=none', '--max-tries=10', '--retry-wait=5', '--timeout=600', '-d', '/mnt/storage_1/HAMLET/spectral_files/PXD048763', '-o', 'QEplus036111.raw', 'ftp://ftp.pride.ebi.ac.uk/pride/data/archive/2024/05/PXD048763/QEplus036111.raw']' returned non-zero exit status 1.
PXD050085	/mnt/storage_1/HAMLET/work/d0/2d89980e2688a4a34b7f71bec773de	download_command_failed	WARNING: Download failed for q231002_EH1863_01.raw: Command '['aria2c', '-x', '16', '-s', '16', '-j', '1', '-c', '--file-allocation=none', '--max-tries=10', '--retry-wait=5', '--timeout=600', '-d', '/mnt/storage_1/HAMLET/spectral_files/PXD050085', '-o', 'q231002_EH1863_01.raw', 'ftp://ftp.pride.ebi.ac.uk/pride/data/archive/2024/06/PXD050085/q231002_EH1863_01.raw']' returned non-zero exit status 1.
PXD050400	/mnt/storage_1/HAMLET/work/2d/398533571ddec1a09856bdec1c0d1a	download_command_failed	WARNING: Download failed for 29022020_Fusion_MASSFIITB_2068_Replicate2_IR_GCN5_IP.raw: Command '['aria2c', '-x', '16', '-s', '16', '-j', '1', '-c', '--file-allocation=none', '--max-tries=10', '--retry-wait=5', '--timeout=600', '-d', '/mnt/storage_1/HAMLET/spectral_files/PXD050400', '-o', '29022020_Fusion_MASSFIITB_2068_Replicate2_IR_GCN5_IP.raw', 'ftp://ftp.pride.ebi.ac.uk/pride/data/archive/2025/05/PXD050400/29022020_Fusion_MASSFIITB_2068_Replicate2_IR_GCN5_IP.raw']' returned non-zero exit status 1.
PXD050745	/mnt/storage_1/HAMLET/work/4b/6718a20d87022caa8e27465fb2273d	download_command_failed	WARNING: Download failed for RF014DI_LM.raw: Command '['aria2c', '-x', '16', '-s', '16', '-j', '1', '-c', '--file-allocation=none', '--max-tries=10', '--retry-wait=5', '--timeout=600', '-d', '/mnt/storage_1/HAMLET/spectral_files/PXD050745', '-o', 'RF014DI_LM.raw', 'ftp://ftp.pride.ebi.ac.uk/pride/data/archive/2025/05/PXD050745/RF014DI_LM.raw']' returned non-zero exit status 1.
PXD050244	/mnt/storage_1/HAMLET/work/de/f9f65d3086eb88178680085410cd0a	download_command_failed	WARNING: Download failed for 20210902_Premi_IP_FT_Fractionation_3.raw: Command '['aria2c', '-x', '16', '-s', '16', '-j', '1', '-c', '--file-allocation=none', '--max-tries=10', '--retry-wait=5', '--timeout=600', '-d', '/mnt/storage_1/HAMLET/spectral_files/PXD050244', '-o', '20210902_Premi_IP_FT_Fractionation_3.raw', 'ftp://ftp.pride.ebi.ac.uk/pride/data/archive/2025/05/PXD050244/20210902_Premi_IP_FT_Fractionation_3.raw']' returned non-zero exit status 1.
PXD051954	/mnt/storage_1/HAMLET/work/c0/f51c68df053a5949a24dbf9e530093	download_command_failed	WARNING: Download failed for 20240412_HEK293T_IP.raw: Command '['aria2c', '-x', '16', '-s', '16', '-j', '1', '-c', '--file-allocation=none', '--max-tries=10', '--retry-wait=5', '--timeout=600', '-d', '/mnt/storage_1/HAMLET/spectral_files/PXD051954', '-o', '20240412_HEK293T_IP.raw', 'ftp://ftp.pride.ebi.ac.uk/pride/data/archive/2025/05/PXD051954/20240412_HEK293T_IP.raw']' returned non-zero exit status 1.
PXD051371	/mnt/storage_1/HAMLET/work/39/880d8dc1f68868fa1b33a4629aa7f2	download_command_failed	WARNING: Download failed for 77773-NC_IgG.raw: Command '['aria2c', '-x', '16', '-s', '16', '-j', '1', '-c', '--file-allocation=none', '--max-tries=10', '--retry-wait=5', '--timeout=600', '-d', '/mnt/storage_1/HAMLET/spectral_files/PXD051371', '-o', '77773-NC_IgG.raw', 'ftp://ftp.pride.ebi.ac.uk/pride/data/archive/2025/05/PXD051371/77773-NC_IgG.raw']' returned non-zero exit status 1.
PXD052214	/mnt/storage_1/HAMLET/work/78/f2e15fce88df2abb8f9b46dbf710a6	download_command_failed	WARNING: Download failed for RD174GP_Dyrk1b-KO.raw: Command '['aria2c', '-x', '16', '-s', '16', '-j', '1', '-c', '--file-allocation=none', '--max-tries=10', '--retry-wait=5', '--timeout=600', '-d', '/mnt/storage_1/HAMLET/spectral_files/PXD052214', '-o', 'RD174GP_Dyrk1b-KO.raw', 'ftp://ftp.pride.ebi.ac.uk/pride/data/archive/2025/05/PXD052214/RD174GP_Dyrk1b-KO.raw']' returned non-zero exit status 1.
PXD052900	/mnt/storage_1/HAMLET/work/36/9d529d5424c9eedce951ea9880bb2c	download_command_failed	WARNING: Download failed for Lampyris_TopDown_OrbitrapResults_Q2_ColID_289_2685_05.raw: Command '['aria2c', '-x', '16', '-s', '16', '-j', '1', '-c', '--file-allocation=none', '--max-tries=10', '--retry-wait=5', '--timeout=600', '-d', '/mnt/storage_1/HAMLET/spectral_files/PXD052900', '-o', 'Lampyris_TopDown_OrbitrapResults_Q2_ColID_289_2685_05.raw', 'ftp://ftp.pride.ebi.ac.uk/pride/data/archive/2024/07/PXD052900/Lampyris_TopDown_OrbitrapResults_Q2_ColID_289_2685_05.raw']' returned non-zero exit status 1.
PXD053088	/mnt/storage_1/HAMLET/work/c7/7a488612bf55aefd45c784cc6dd703	download_command_failed	WARNING: Download failed for ySGCs_2_rich.raw: Command '['aria2c', '-x', '16', '-s', '16', '-j', '1', '-c', '--file-allocation=none', '--max-tries=10', '--retry-wait=5', '--timeout=600', '-d', '/mnt/storage_1/HAMLET/spectral_files/PXD053088', '-o', 'ySGCs_2_rich.raw', 'ftp://ftp.pride.ebi.ac.uk/pride/data/archive/2025/08/PXD053088/ySGCs_2_rich.raw']' returned non-zero exit status 1.
PXD053091	/mnt/storage_1/HAMLET/work/a0/fd111923c7e483a0e5ed56b6bf2ebd	download_command_failed	WARNING: Download failed for mSGCs_1.raw: Command '['aria2c', '-x', '16', '-s', '16', '-j', '1', '-c', '--file-allocation=none', '--max-tries=10', '--retry-wait=5', '--timeout=600', '-d', '/mnt/storage_1/HAMLET/spectral_files/PXD053091', '-o', 'mSGCs_1.raw', 'ftp://ftp.pride.ebi.ac.uk/pride/data/archive/2025/08/PXD053091/mSGCs_1.raw']' returned non-zero exit status 1.
PXD053353	/mnt/storage_1/HAMLET/work/10/b5f5e462ff7d07ac4c2baf15dcbf3b	download_command_failed	WARNING: Download failed for 1_Vec.raw: Command '['aria2c', '-x', '16', '-s', '16', '-j', '1', '-c', '--file-allocation=none', '--max-tries=10', '--retry-wait=5', '--timeout=600', '-d', '/mnt/storage_1/HAMLET/spectral_files/PXD053353', '-o', '1_Vec.raw', 'ftp://ftp.pride.ebi.ac.uk/pride/data/archive/2024/08/PXD053353/1_Vec.raw']' returned non-zero exit status 1.
PXD055868	/mnt/storage_1/HAMLET/work/40/4e9b72068131cb6d75561a3529cc68	download_command_failed	WARNING: Download failed for SD300LQ_UC3_non.raw: Command '['aria2c', '-x', '16', '-s', '16', '-j', '1', '-c', '--file-allocation=none', '--max-tries=10', '--retry-wait=5', '--timeout=600', '-d', '/mnt/storage_1/HAMLET/spectral_files/PXD055868', '-o', 'SD300LQ_UC3_non.raw', 'ftp://ftp.pride.ebi.ac.uk/pride/data/archive/2025/05/PXD055868/SD300LQ_UC3_non.raw']' returned non-zero exit status 1.
PXD055950	/mnt/storage_1/HAMLET/work/92/adb7b10d8b902ecb7679e39d8836b6	download_command_failed	WARNING: Download failed for xb10551.raw: Command '['aria2c', '-x', '16', '-s', '16', '-j', '1', '-c', '--file-allocation=none', '--max-tries=10', '--retry-wait=5', '--timeout=600', '-d', '/mnt/storage_1/HAMLET/spectral_files/PXD055950', '-o', 'xb10551.raw', 'ftp://ftp.pride.ebi.ac.uk/pride/data/archive/2025/01/PXD055950/xb10551.raw']' returned non-zero exit status 1.
PXD063163	/mnt/storage_1/HAMLET/work/9f/db6a890e335bcfd9bd61ef80a004a6	download_command_failed	WARNING: Download failed for 3.raw: Command '['aria2c', '-x', '16', '-s', '16', '-j', '1', '-c', '--file-allocation=none', '--max-tries=10', '--retry-wait=5', '--timeout=600', '-d', '/mnt/storage_1/HAMLET/spectral_files/PXD063163', '-o', '3.raw', 'ftp://ftp.pride.ebi.ac.uk/pride/data/archive/2025/12/PXD063163/3.raw']' returned non-zero exit status 1.
PXD064366	/mnt/storage_1/HAMLET/work/97/7da3fdbdb6926ae1fcec3dbee9bba1	download_command_failed	WARNING: Download failed for Larval_shell.raw: Command '['aria2c', '-x', '16', '-s', '16', '-j', '1', '-c', '--file-allocation=none', '--max-tries=10', '--retry-wait=5', '--timeout=600', '-d', '/mnt/storage_1/HAMLET/spectral_files/PXD064366', '-o', 'Larval_shell.raw', 'ftp://ftp.pride.ebi.ac.uk/pride/data/archive/2026/02/PXD064366/Larval_shell.raw']' returned non-zero exit status 1.
PXD064331	/mnt/storage_1/HAMLET/work/6b/000d773b8f7d4e18961265117f67b3	download_command_failed	WARNING: Download failed for 95D-CDCP1-IP-HILIC.raw: Command '['aria2c', '-x', '16', '-s', '16', '-j', '1', '-c', '--file-allocation=none', '--max-tries=10', '--retry-wait=5', '--timeout=600', '-d', '/mnt/storage_1/HAMLET/spectral_files/PXD064331', '-o', '95D-CDCP1-IP-HILIC.raw', 'ftp://ftp.pride.ebi.ac.uk/pride/data/archive/2025/08/PXD064331/95D-CDCP1-IP-HILIC.raw']' returned non-zero exit status 1.
PXD065314	/mnt/storage_1/HAMLET/work/4c/552c6d95245bd88a08bedc5ac4b7a8	download_command_failed	WARNING: Download failed for Zelda_191107_P1130_MR_PJ_Sample5_T_R1.raw: Command '['aria2c', '-x', '16', '-s', '16', '-j', '1', '-c', '--file-allocation=none', '--max-tries=10', '--retry-wait=5', '--timeout=600', '-d', '/mnt/storage_1/HAMLET/spectral_files/PXD065314', '-o', 'Zelda_191107_P1130_MR_PJ_Sample5_T_R1.raw', 'ftp://ftp.pride.ebi.ac.uk/pride/data/archive/2025/09/PXD065314/Zelda_191107_P1130_MR_PJ_Sample5_T_R1.raw']' returned non-zero exit status 1.
PXD065770	/mnt/storage_1/HAMLET/work/5c/d95fc2f20b3d9729193e9edd4595cd	download_command_failed	WARNING: Download failed for IP.raw: Command '['aria2c', '-x', '16', '-s', '16', '-j', '1', '-c', '--file-allocation=none', '--max-tries=10', '--retry-wait=5', '--timeout=600', '-d', '/mnt/storage_1/HAMLET/spectral_files/PXD065770', '-o', 'IP.raw', 'ftp://ftp.pride.ebi.ac.uk/pride/data/archive/2026/02/PXD065770/IP.raw']' returned non-zero exit status 1.
PXD067788	/mnt/storage_1/HAMLET/work/5f/76d4444cff96af9b7fee90e3047ca9	download_command_failed	WARNING: Download failed for T480_FAIMS_JD_SHY005_hsa_circ_0001910.raw: Command '['aria2c', '-x', '16', '-s', '16', '-j', '1', '-c', '--file-allocation=none', '--max-tries=10', '--retry-wait=5', '--timeout=600', '-d', '/mnt/storage_1/HAMLET/spectral_files/PXD067788', '-o', 'T480_FAIMS_JD_SHY005_hsa_circ_0001910.raw', 'ftp://ftp.pride.ebi.ac.uk/pride/data/archive/2025/11/PXD067788/T480_FAIMS_JD_SHY005_hsa_circ_0001910.raw']' returned non-zero exit status 1.
PXD067843	/mnt/storage_1/HAMLET/work/b8/befaff40155439ef9f0e364ba987e6	download_command_failed	WARNING: Download failed for hTERT_control.raw: Command '['aria2c', '-x', '16', '-s', '16', '-j', '1', '-c', '--file-allocation=none', '--max-tries=10', '--retry-wait=5', '--timeout=600', '-d', '/mnt/storage_1/HAMLET/spectral_files/PXD067843', '-o', 'hTERT_control.raw', 'ftp://ftp.pride.ebi.ac.uk/pride/data/archive/2025/10/PXD067843/hTERT_control.raw']' returned non-zero exit status 1.
PXD072078	/mnt/storage_1/HAMLET/work/64/9ae130c637d773f6649e2c78e14ae4	download_command_failed	WARNING: Download failed for 114_PJ1687_Sawatsubashi_7_Gel_Ext_1_10uL_60min_QEp.raw: Command '['aria2c', '-x', '16', '-s', '16', '-j', '1', '-c', '--file-allocation=none', '--max-tries=10', '--retry-wait=5', '--timeout=600', '-d', '/mnt/storage_1/HAMLET/spectral_files/PXD072078', '-o', '114_PJ1687_Sawatsubashi_7_Gel_Ext_1_10uL_60min_QEp.raw', 'ftp://ftp.pride.ebi.ac.uk/pride/data/archive/2026/03/PXD072078/114_PJ1687_Sawatsubashi_7_Gel_Ext_1_10uL_60min_QEp.raw']' returned non-zero exit status 1.
PXD070229	/mnt/storage_1/HAMLET/work/8f/72711c988af950792baf4292d8c642	download_command_failed	WARNING: Download failed for LUCIA_ANDONI_RAMIREZ_1_20250606_001.raw: Command '['aria2c', '-x', '16', '-s', '16', '-j', '1', '-c', '--file-allocation=none', '--max-tries=10', '--retry-wait=5', '--timeout=600', '-d', '/mnt/storage_1/HAMLET/spectral_files/PXD070229', '-o', 'LUCIA_ANDONI_RAMIREZ_1_20250606_001.raw', 'ftp://ftp.pride.ebi.ac.uk/pride/data/archive/2026/01/PXD070229/LUCIA_ANDONI_RAMIREZ_1_20250606_001.raw']' returned non-zero exit status 1.
