pxd,n_ground_truth,ground_truth_taxids,n_predicted,predicted_taxids,tp,fp,fn,recall,precision,f1,balanced_accuracy,has_organism_id,has_llm_taxids
PXD000357,1,9606,2,10090; 9606,1,1,0,1.0,0.5,0.6666666666666666,0.75,True,False
PXD000440,1,9606,1,9606,1,0,0,1.0,1.0,1.0,1.0,True,True
PXD000488,1,10090,1,10090,1,0,0,1.0,1.0,1.0,1.0,True,True
PXD000927,1,10090,1,10090,1,0,0,1.0,1.0,1.0,1.0,True,True
PXD001046,1,4530,2,4530; 4565,1,1,0,1.0,0.5,0.6666666666666666,0.75,True,True
PXD001118,1,9606,2,10090; 9606,1,1,0,1.0,0.5,0.6666666666666666,0.75,True,True
PXD001180,1,9606,1,9606,1,0,0,1.0,1.0,1.0,1.0,True,True
PXD001249,1,9606,1,9606,1,0,0,1.0,1.0,1.0,1.0,True,False
PXD001255,1,9606,1,9606,1,0,0,1.0,1.0,1.0,1.0,True,False
PXD001293,1,10090,1,10090,1,0,0,1.0,1.0,1.0,1.0,True,False
PXD001454,1,9606,1,9606,1,0,0,1.0,1.0,1.0,1.0,True,False
PXD001562,1,3702,1,3702,1,0,0,1.0,1.0,1.0,1.0,True,False
PXD001587,2,562; 9606,2,9606; 9913,1,1,1,0.5,0.5,0.5,0.5,True,True
PXD001805,1,9606,1,9606,1,0,0,1.0,1.0,1.0,1.0,True,False
PXD002030,1,5691,1,9913,0,1,1,0.0,0.0,0.0,0.0,True,False
PXD002097,1,9606,1,9606,1,0,0,1.0,1.0,1.0,1.0,True,True
PXD002120,1,1772,1,1772,1,0,0,1.0,1.0,1.0,1.0,True,False
PXD002132,1,9606,1,9606,1,0,0,1.0,1.0,1.0,1.0,True,False
PXD002204,1,4932,1,4932,1,0,0,1.0,1.0,1.0,1.0,True,False
PXD002260,1,10116,1,10116,1,0,0,1.0,1.0,1.0,1.0,True,False
PXD002261,1,10116,1,10116,1,0,0,1.0,1.0,1.0,1.0,True,False
PXD002278,1,1519788,1,562,0,1,1,0.0,0.0,0.0,0.0,True,True
PXD002281,1,9606,1,9606,1,0,0,1.0,1.0,1.0,1.0,True,False
PXD002337,1,10090,1,10090,1,0,0,1.0,1.0,1.0,1.0,True,False
PXD002461,1,9606,1,9606,1,0,0,1.0,1.0,1.0,1.0,True,False
PXD002475,1,9606,1,9606,1,0,0,1.0,1.0,1.0,1.0,True,True
PXD002548,1,562,1,562,1,0,0,1.0,1.0,1.0,1.0,True,False
PXD002705,1,562,1,562,1,0,0,1.0,1.0,1.0,1.0,True,True
PXD002996,1,430615,1,9606,0,1,1,0.0,0.0,0.0,0.0,True,False
PXD003139,1,329726,2,4565; 9606,0,2,1,0.0,0.0,0.0,0.0,True,False
PXD003149,1,1111708,1,9606,0,1,1,0.0,0.0,0.0,0.0,True,False
PXD003182,1,10090,1,10090,1,0,0,1.0,1.0,1.0,1.0,True,True
PXD003209,1,9606,1,9606,1,0,0,1.0,1.0,1.0,1.0,True,True
PXD003226,1,9606,1,9606,1,0,0,1.0,1.0,1.0,1.0,True,True
PXD003293,1,9606,2,10090; 9606,1,1,0,1.0,0.5,0.6666666666666666,0.75,True,True
PXD003403,1,8665,2,9031; 9606,0,2,1,0.0,0.0,0.0,0.0,True,False
PXD003502,1,9606,1,9606,1,0,0,1.0,1.0,1.0,1.0,True,True
PXD003544,1,9606,1,9606,1,0,0,1.0,1.0,1.0,1.0,True,False
PXD003559,1,9606,1,9606,1,0,0,1.0,1.0,1.0,1.0,True,True
PXD003646,1,9606,1,9606,1,0,0,1.0,1.0,1.0,1.0,True,True
PXD003752,1,9606,1,9606,1,0,0,1.0,1.0,1.0,1.0,True,False
PXD003772,1,10090,1,10090,1,0,0,1.0,1.0,1.0,1.0,True,False
PXD003833,1,562,1,562,1,0,0,1.0,1.0,1.0,1.0,True,False
PXD003845,1,562,1,562,1,0,0,1.0,1.0,1.0,1.0,True,False
PXD003916,1,5476,1,5476,1,0,0,1.0,1.0,1.0,1.0,True,True
PXD003944,1,7227,1,7227,1,0,0,1.0,1.0,1.0,1.0,True,False
PXD004006,1,4513,1,4565,0,1,1,0.0,0.0,0.0,0.0,True,False
PXD004086,1,9606,3,10090; 9606; 9913,1,2,0,1.0,0.3333333333333333,0.5,0.6666666666666666,True,True
PXD004143,1,9606,1,9606,1,0,0,1.0,1.0,1.0,1.0,True,True
PXD004267,1,3702,1,9606,0,1,1,0.0,0.0,0.0,0.0,True,False
PXD004286,1,10090,1,9606,0,1,1,0.0,0.0,0.0,0.0,True,False
PXD004417,1,4530,1,4530,1,0,0,1.0,1.0,1.0,1.0,True,True
PXD004451,1,10090,1,10090,1,0,0,1.0,1.0,1.0,1.0,True,True
PXD004515,1,9606,1,9606,1,0,0,1.0,1.0,1.0,1.0,True,True
PXD004545,1,10090,2,10090; 9913,1,1,0,1.0,0.5,0.6666666666666666,0.75,True,True
PXD004562,1,9606,1,9606,1,0,0,1.0,1.0,1.0,1.0,True,False
PXD004591,1,9606,1,9606,1,0,0,1.0,1.0,1.0,1.0,True,False
PXD004747,1,4932,1,4932,1,0,0,1.0,1.0,1.0,1.0,True,False
PXD004749,1,4932,1,4932,1,0,0,1.0,1.0,1.0,1.0,True,True
PXD004802,1,5059,1,5059,1,0,0,1.0,1.0,1.0,1.0,True,False
PXD004891,1,10090,1,562,0,1,1,0.0,0.0,0.0,0.0,True,False
PXD004983,1,10090,1,10090,1,0,0,1.0,1.0,1.0,1.0,True,False
PXD004997,1,418985,1,418985,1,0,0,1.0,1.0,1.0,1.0,True,False
PXD005059,1,10090,1,10090,1,0,0,1.0,1.0,1.0,1.0,True,True
PXD005139,1,10090,1,10090,1,0,0,1.0,1.0,1.0,1.0,True,False
PXD005140,1,9606,1,9606,1,0,0,1.0,1.0,1.0,1.0,True,False
PXD005188,1,9606,1,9606,1,0,0,1.0,1.0,1.0,1.0,True,False
PXD005245,1,9606,2,10090; 9606,1,1,0,1.0,0.5,0.6666666666666666,0.75,True,True
PXD005265,1,470,1,470,1,0,0,1.0,1.0,1.0,1.0,False,True
PXD005411,1,10090,1,10090,1,0,0,1.0,1.0,1.0,1.0,True,True
PXD005412,1,10090,1,10090,1,0,0,1.0,1.0,1.0,1.0,True,True
PXD005413,1,10090,1,10090,1,0,0,1.0,1.0,1.0,1.0,True,True
PXD005463,1,4932,1,4932,1,0,0,1.0,1.0,1.0,1.0,True,False
PXD005471,1,4530,2,3702; 4565,0,2,1,0.0,0.0,0.0,0.0,True,False
PXD005473,1,10090,1,10090,1,0,0,1.0,1.0,1.0,1.0,True,True
PXD005509,1,9606,1,9606,1,0,0,1.0,1.0,1.0,1.0,True,True
PXD005550,1,9606,3,10090; 10116; 9913,0,3,1,0.0,0.0,0.0,0.0,True,False
PXD005553,1,10090,1,10090,1,0,0,1.0,1.0,1.0,1.0,True,False
PXD005555,1,10090,1,10090,1,0,0,1.0,1.0,1.0,1.0,True,True
PXD005565,1,4932,3,4565; 4932; 9606,1,2,0,1.0,0.3333333333333333,0.5,0.6666666666666666,True,True
PXD005584,1,9606,1,9606,1,0,0,1.0,1.0,1.0,1.0,True,True
PXD005598,1,10090,1,10090,1,0,0,1.0,1.0,1.0,1.0,True,True
PXD005628,1,10090,1,10090,1,0,0,1.0,1.0,1.0,1.0,True,False
PXD005633,1,9606,1,9606,1,0,0,1.0,1.0,1.0,1.0,True,False
PXD005699,1,5061,3,4565; 5061; 9606,1,2,0,1.0,0.3333333333333333,0.5,0.6666666666666666,True,True
PXD005776,24,1208660; 1219071; 160488; 198215; 218493; 226900; 246200; 266940; 314256; 319795; 375451; 388399; 391619; 391624; 392499; 396513; 527031; 546414; 643867; 693977; 703612; 762903; 867900; 89187,26,10116; 105841; 1280; 1492; 1547; 1590; 216816; 2246; 3055; 33035; 3702; 4565; 4932; 5476; 562; 5691; 6239; 7227; 7955; 818; 8355; 9031; 9606; 9796; 9823; 9913,0,26,24,0.0,0.0,0.0,0.0,True,False
PXD005818,1,3055,1,3055,1,0,0,1.0,1.0,1.0,1.0,True,True
PXD005924,1,562,1,562,1,0,0,1.0,1.0,1.0,1.0,True,False
PXD006087,1,10090,2,10090; 9913,1,1,0,1.0,0.5,0.6666666666666666,0.75,True,True
PXD006093,1,9606,1,9606,1,0,0,1.0,1.0,1.0,1.0,True,False
PXD006156,1,9606,1,9913,0,1,1,0.0,0.0,0.0,0.0,True,False
PXD006199,1,9606,2,10090; 9606,1,1,0,1.0,0.5,0.6666666666666666,0.75,True,True
PXD006200,1,9606,1,9606,1,0,0,1.0,1.0,1.0,1.0,True,True
PXD006215,1,9606,1,9606,1,0,0,1.0,1.0,1.0,1.0,True,False
PXD006246,1,7227,1,7227,1,0,0,1.0,1.0,1.0,1.0,True,True
PXD006391,1,9606,2,562; 9606,1,1,0,1.0,0.5,0.6666666666666666,0.75,True,False
PXD006472,1,408172,1,9606,0,1,1,0.0,0.0,0.0,0.0,True,False
PXD006503,1,9606,1,9606,1,0,0,1.0,1.0,1.0,1.0,True,True
PXD006541,1,9606,2,9606; 9913,1,1,0,1.0,0.5,0.6666666666666666,0.75,True,True
PXD006570,1,9606,1,9606,1,0,0,1.0,1.0,1.0,1.0,True,False
PXD006571,1,9606,1,9606,1,0,0,1.0,1.0,1.0,1.0,True,False
PXD006572,1,9606,1,9606,1,0,0,1.0,1.0,1.0,1.0,True,False
PXD006576,1,9606,1,9606,1,0,0,1.0,1.0,1.0,1.0,True,False
PXD006590,1,9606,1,9606,1,0,0,1.0,1.0,1.0,1.0,True,False
PXD006599,1,3847,1,10116,0,1,1,0.0,0.0,0.0,0.0,True,False
PXD006600,1,3847,1,10116,0,1,1,0.0,0.0,0.0,0.0,True,False
PXD006603,1,9606,1,9606,1,0,0,1.0,1.0,1.0,1.0,True,False
PXD006648,1,9606,1,9606,1,0,0,1.0,1.0,1.0,1.0,True,False
PXD006651,1,3702,1,3702,1,0,0,1.0,1.0,1.0,1.0,True,False
PXD006688,1,408172,1,9606,0,1,1,0.0,0.0,0.0,0.0,True,False
PXD006705,1,9606,1,9606,1,0,0,1.0,1.0,1.0,1.0,True,True
PXD006738,1,9606,1,9913,0,1,1,0.0,0.0,0.0,0.0,True,False
PXD006741,1,9606,1,9606,1,0,0,1.0,1.0,1.0,1.0,True,True
PXD006769,1,9606,2,10090; 9913,0,2,1,0.0,0.0,0.0,0.0,True,True
PXD006809,1,9606,1,9606,1,0,0,1.0,1.0,1.0,1.0,True,False
PXD006856,1,9606,1,9606,1,0,0,1.0,1.0,1.0,1.0,True,False
PXD006904,1,10116,1,10116,1,0,0,1.0,1.0,1.0,1.0,True,True
PXD007118,1,10090,1,10090,1,0,0,1.0,1.0,1.0,1.0,True,True
PXD007243,1,4565,1,4565,1,0,0,1.0,1.0,1.0,1.0,True,True
PXD007628,2,10090; 5823,5,"10090; 9606; 9913; TaxID = 10,090; TaxID = 5,823",1,4,1,0.5,0.2,0.28571428571428575,0.35,True,True
PXD007651,1,562,1,562,1,0,0,1.0,1.0,1.0,1.0,True,False
PXD007698,1,10090,1,10090,1,0,0,1.0,1.0,1.0,1.0,True,False
PXD007738,1,9606,1,9606,1,0,0,1.0,1.0,1.0,1.0,True,False
PXD007769,1,9606,1,9606,1,0,0,1.0,1.0,1.0,1.0,True,False
PXD007859,1,9606,1,9606,1,0,0,1.0,1.0,1.0,1.0,True,False
PXD007864,1,562,2,10090; 562,1,1,0,1.0,0.5,0.6666666666666666,0.75,True,True
PXD007867,1,9606,1,9606,1,0,0,1.0,1.0,1.0,1.0,True,True
PXD007932,1,106299,1,9606,0,1,1,0.0,0.0,0.0,0.0,True,False
PXD007978,1,1050258,2,5833; 9606,0,2,1,0.0,0.0,0.0,0.0,True,False
PXD007981,1,10090,1,10090,1,0,0,1.0,1.0,1.0,1.0,True,False
PXD007988,1,9606,1,9606,1,0,0,1.0,1.0,1.0,1.0,True,True
PXD008108,1,9606,1,10090,0,1,1,0.0,0.0,0.0,0.0,True,False
PXD008113,1,562,1,562,1,0,0,1.0,1.0,1.0,1.0,True,False
PXD008150,1,9606,1,9606,1,0,0,1.0,1.0,1.0,1.0,True,True
PXD008164,1,36329,2,5833; 9606,0,2,1,0.0,0.0,0.0,0.0,True,True
PXD008215,1,9606,1,9606,1,0,0,1.0,1.0,1.0,1.0,True,False
PXD008246,1,9606,1,9606,1,0,0,1.0,1.0,1.0,1.0,True,True
PXD008257,1,8030,2,7955; 8030,1,1,0,1.0,0.5,0.6666666666666666,0.75,True,True
PXD008258,1,9606,1,9606,1,0,0,1.0,1.0,1.0,1.0,True,False
PXD008298,1,4565,1,4565,1,0,0,1.0,1.0,1.0,1.0,True,False
PXD008341,1,10116,1,10116,1,0,0,1.0,1.0,1.0,1.0,True,False
PXD008378,1,9606,1,9606,1,0,0,1.0,1.0,1.0,1.0,True,True
PXD008486,4,8839; 9031; 9913; 9940,7,562; 8839; 9031; 9606; 9823; 9913; 9940,4,3,0,1.0,0.5714285714285714,0.7272727272727273,0.7857142857142857,True,True
PXD008644,1,930945,1,9606,0,1,1,0.0,0.0,0.0,0.0,True,False
PXD008690,1,741258,2,10090; 9606,0,2,1,0.0,0.0,0.0,0.0,True,False
PXD008842,1,9606,1,9606,1,0,0,1.0,1.0,1.0,1.0,True,False
PXD008855,2,9606; 9913,2,9606; 9823,1,1,1,0.5,0.5,0.5,0.5,True,False
PXD008875,1,10090,1,10090,1,0,0,1.0,1.0,1.0,1.0,True,True
PXD008950,1,9606,1,9606,1,0,0,1.0,1.0,1.0,1.0,True,False
PXD009091,1,4530,2,39947; 4530,1,1,0,1.0,0.5,0.6666666666666666,0.75,True,True
PXD009118,1,9606,1,9606,1,0,0,1.0,1.0,1.0,1.0,True,False
PXD009265,3,36329; 562; 9606,4,562; 9606; 9796; 9913,2,2,1,0.6666666666666666,0.5,0.5714285714285715,0.5833333333333333,True,False
PXD009266,1,9606,1,9606,1,0,0,1.0,1.0,1.0,1.0,True,False
PXD009281,1,9606,1,9606,1,0,0,1.0,1.0,1.0,1.0,True,False
PXD009327,1,9606,1,9606,1,0,0,1.0,1.0,1.0,1.0,True,True
PXD009442,1,9606,1,9606,1,0,0,1.0,1.0,1.0,1.0,True,False
PXD009641,1,9606,2,562; 9606,1,1,0,1.0,0.5,0.6666666666666666,0.75,True,False
PXD009645,1,9606,1,9606,1,0,0,1.0,1.0,1.0,1.0,True,True
PXD009650,1,10090,1,9606,0,1,1,0.0,0.0,0.0,0.0,True,False
PXD009709,1,9606,1,9606,1,0,0,1.0,1.0,1.0,1.0,True,True
PXD009724,1,9606,1,9606,1,0,0,1.0,1.0,1.0,1.0,True,False
PXD009731,1,9606,1,9606,1,0,0,1.0,1.0,1.0,1.0,True,False
PXD009763,1,5691,1,5691,1,0,0,1.0,1.0,1.0,1.0,True,False
PXD009769,1,10090,1,10090,1,0,0,1.0,1.0,1.0,1.0,True,False
PXD009807,1,9606,2,10090; 9606,1,1,0,1.0,0.5,0.6666666666666666,0.75,True,True
PXD009857,1,10090,1,10090,1,0,0,1.0,1.0,1.0,1.0,True,True
PXD009864,1,95602,1,95602,1,0,0,1.0,1.0,1.0,1.0,True,False
PXD009951,1,4932,1,4932,1,0,0,1.0,1.0,1.0,1.0,True,True
PXD010118,1,10116,1,10116,1,0,0,1.0,1.0,1.0,1.0,True,False
PXD010143,1,5691,1,5691,1,0,0,1.0,1.0,1.0,1.0,True,False
PXD010145,2,9606; 9825,2,9606; 9823,1,1,1,0.5,0.5,0.5,0.5,True,True
PXD010188,1,4565,1,4565,1,0,0,1.0,1.0,1.0,1.0,True,False
PXD010217,1,9606,1,9606,1,0,0,1.0,1.0,1.0,1.0,True,False
PXD010246,1,9606,1,9606,1,0,0,1.0,1.0,1.0,1.0,True,False
PXD010285,1,353153,1,5691,0,1,1,0.0,0.0,0.0,0.0,True,False
PXD010405,1,5691,1,5691,1,0,0,1.0,1.0,1.0,1.0,True,False
PXD010406,1,9606,1,9606,1,0,0,1.0,1.0,1.0,1.0,True,False
PXD010470,1,90371,1,562,0,1,1,0.0,0.0,0.0,0.0,True,False
PXD010474,1,9606,1,9606,1,0,0,1.0,1.0,1.0,1.0,True,True
PXD010508,1,9606,1,9606,1,0,0,1.0,1.0,1.0,1.0,True,False
PXD010548,1,7227,1,4565,0,1,1,0.0,0.0,0.0,0.0,True,False
PXD010549,1,7227,1,7227,1,0,0,1.0,1.0,1.0,1.0,True,True
PXD010579,1,9606,1,9606,1,0,0,1.0,1.0,1.0,1.0,True,False
PXD010598,1,9606,1,9606,1,0,0,1.0,1.0,1.0,1.0,True,False
PXD010660,1,4932,1,4932,1,0,0,1.0,1.0,1.0,1.0,True,True
PXD010739,1,3046,3,3055; 3702; 9606,0,3,1,0.0,0.0,0.0,0.0,True,False
PXD010793,1,9606,1,9606,1,0,0,1.0,1.0,1.0,1.0,True,False
PXD010870,1,9606,1,9606,1,0,0,1.0,1.0,1.0,1.0,True,True
PXD010940,1,10090,1,10090,1,0,0,1.0,1.0,1.0,1.0,True,False
PXD010941,1,9606,1,9606,1,0,0,1.0,1.0,1.0,1.0,True,True
PXD010952,1,8839,1,9796,0,1,1,0.0,0.0,0.0,0.0,True,False
PXD010963,1,9606,1,9606,1,0,0,1.0,1.0,1.0,1.0,True,False
PXD010988,1,562,1,562,1,0,0,1.0,1.0,1.0,1.0,True,False
PXD010998,1,7091,1,7227,0,1,1,0.0,0.0,0.0,0.0,True,False
PXD011035,1,3702,1,562,0,1,1,0.0,0.0,0.0,0.0,True,False
PXD011055,1,9606,1,9606,1,0,0,1.0,1.0,1.0,1.0,True,True
PXD011118,26,1351; 2242; 31646; 3702; 3708; 3715; 3818; 3827; 44689; 4513; 5476; 562; 6239; 7029; 7091; 7227; 7460; 7634; 7955; 8049; 85963; 9031; 9534; 9606; 9796; 9913,8,10090; 10116; 8355; 9031; 9606; 9796; 9823; 9913,4,4,22,0.15384615384615385,0.5,0.23529411764705882,0.3269230769230769,True,True
PXD011123,1,9606,1,9606,1,0,0,1.0,1.0,1.0,1.0,True,False
PXD011164,1,10090,1,9606,0,1,1,0.0,0.0,0.0,0.0,True,True
PXD011237,1,9606,1,9606,1,0,0,1.0,1.0,1.0,1.0,True,False
PXD011241,1,9606,1,9913,0,1,1,0.0,0.0,0.0,0.0,True,False
PXD011256,1,9606,1,9606,1,0,0,1.0,1.0,1.0,1.0,True,True
PXD011273,1,6945,2,10090; 6945,1,1,0,1.0,0.5,0.6666666666666666,0.75,True,True
PXD011368,1,9606,1,9606,1,0,0,1.0,1.0,1.0,1.0,True,False
PXD011395,1,9606,1,9606,1,0,0,1.0,1.0,1.0,1.0,True,False
PXD011523,1,9606,2,562; 9606,1,1,0,1.0,0.5,0.6666666666666666,0.75,True,False
PXD011542,1,3702,1,3702,1,0,0,1.0,1.0,1.0,1.0,True,False
PXD011708,1,31199,5,10116; 3702; 4530; 7227; 9606,0,5,1,0.0,0.0,0.0,0.0,True,False
PXD011768,1,9606,1,9606,1,0,0,1.0,1.0,1.0,1.0,True,False
PXD011776,1,911022,2,562; 615,0,2,1,0.0,0.0,0.0,0.0,True,True
PXD011869,1,10090,1,10090,1,0,0,1.0,1.0,1.0,1.0,True,True
PXD011899,1,9606,2,9606; 9913,1,1,0,1.0,0.5,0.6666666666666666,0.75,True,False
PXD011918,1,10116,2,10090; 9913,0,2,1,0.0,0.0,0.0,0.0,True,True
PXD011935,1,4932,2,4932; 9606,1,1,0,1.0,0.5,0.6666666666666666,0.75,True,True
PXD011968,1,9606,1,9606,1,0,0,1.0,1.0,1.0,1.0,True,False
PXD011986,1,10090,1,10090,1,0,0,1.0,1.0,1.0,1.0,True,False
PXD012006,1,10090,1,10090,1,0,0,1.0,1.0,1.0,1.0,True,False
PXD012059,1,9606,3,10090; 9606; 9823,1,2,0,1.0,0.3333333333333333,0.5,0.6666666666666666,True,False
PXD012068,1,10090,1,562,0,1,1,0.0,0.0,0.0,0.0,True,False
PXD012106,3,1328881; 1817808; 287889,4,6239; 7227; 7955; 8355,0,4,3,0.0,0.0,0.0,0.0,True,False
PXD012141,1,9913,1,9913,1,0,0,1.0,1.0,1.0,1.0,True,True
PXD012211,1,206411,1,7227,0,1,1,0.0,0.0,0.0,0.0,True,False
PXD012231,1,9913,1,9913,1,0,0,1.0,1.0,1.0,1.0,True,False
PXD012241,1,1496,1,1492,0,1,1,0.0,0.0,0.0,0.0,True,False
PXD012321,1,9606,1,9606,1,0,0,1.0,1.0,1.0,1.0,True,False
PXD012335,1,562,1,562,1,0,0,1.0,1.0,1.0,1.0,True,True
PXD012337,1,10090,1,10090,1,0,0,1.0,1.0,1.0,1.0,True,False
PXD012398,1,3635,1,3702,0,1,1,0.0,0.0,0.0,0.0,True,False
PXD012443,1,4442,2,3702; 3735,0,2,1,0.0,0.0,0.0,0.0,True,True
PXD012488,1,9606,1,9606,1,0,0,1.0,1.0,1.0,1.0,True,False
PXD012521,1,9606,1,9606,1,0,0,1.0,1.0,1.0,1.0,True,False
PXD012525,1,9913,1,9913,1,0,0,1.0,1.0,1.0,1.0,True,False
PXD012532,1,246197,1,562,0,1,1,0.0,0.0,0.0,0.0,True,False
PXD012563,1,10090,1,10090,1,0,0,1.0,1.0,1.0,1.0,True,False
PXD012640,1,9606,1,9606,1,0,0,1.0,1.0,1.0,1.0,True,True
PXD012666,1,4565,1,4565,1,0,0,1.0,1.0,1.0,1.0,True,True
PXD012762,1,4072,2,3702; 4565,0,2,1,0.0,0.0,0.0,0.0,True,False
PXD012770,1,8364,1,8355,0,1,1,0.0,0.0,0.0,0.0,True,False
PXD012811,1,10090,1,10090,1,0,0,1.0,1.0,1.0,1.0,True,False
PXD012812,1,9606,1,9606,1,0,0,1.0,1.0,1.0,1.0,True,False
PXD012827,1,6945,1,7227,0,1,1,0.0,0.0,0.0,0.0,True,False
PXD012837,1,9606,2,10090; 9606,1,1,0,1.0,0.5,0.6666666666666666,0.75,True,True
PXD012868,1,10090,1,10090,1,0,0,1.0,1.0,1.0,1.0,True,False
PXD012921,2,10360; 9606,3,562; 9606; 9913,1,2,1,0.5,0.3333333333333333,0.4,0.41666666666666663,True,False
PXD012966,1,9606,2,1280; 9606,1,1,0,1.0,0.5,0.6666666666666666,0.75,True,True
PXD013060,1,9606,1,9606,1,0,0,1.0,1.0,1.0,1.0,True,True
PXD013127,1,9606,1,9606,1,0,0,1.0,1.0,1.0,1.0,True,False
PXD013216,1,9606,1,9606,1,0,0,1.0,1.0,1.0,1.0,True,False
PXD013429,1,9606,1,9606,1,0,0,1.0,1.0,1.0,1.0,True,True
PXD013432,1,6039,1,6039,1,0,0,1.0,1.0,1.0,1.0,True,False
PXD013457,1,5476,1,5476,1,0,0,1.0,1.0,1.0,1.0,True,True
PXD013484,1,9606,1,9606,1,0,0,1.0,1.0,1.0,1.0,True,False
PXD013517,1,9606,1,9606,1,0,0,1.0,1.0,1.0,1.0,True,False
PXD013599,1,9606,1,9606,1,0,0,1.0,1.0,1.0,1.0,True,False
PXD013659,1,1432137,1,10090,0,1,1,0.0,0.0,0.0,0.0,True,False
PXD013666,1,10090,1,10090,1,0,0,1.0,1.0,1.0,1.0,True,False
PXD013685,1,9606,1,9606,1,0,0,1.0,1.0,1.0,1.0,True,False
PXD013755,1,9606,1,10090,0,1,1,0.0,0.0,0.0,0.0,True,False
PXD013933,1,237561,1,5476,0,1,1,0.0,0.0,0.0,0.0,True,True
PXD014009,1,10116,1,10116,1,0,0,1.0,1.0,1.0,1.0,True,True
PXD014077,1,929439,1,5691,0,1,1,0.0,0.0,0.0,0.0,True,False
PXD014111,1,9606,1,9606,1,0,0,1.0,1.0,1.0,1.0,True,False
PXD014142,1,10090,1,10090,1,0,0,1.0,1.0,1.0,1.0,True,True
PXD014164,1,10090,1,10090,1,0,0,1.0,1.0,1.0,1.0,True,False
PXD014349,1,9606,1,9606,1,0,0,1.0,1.0,1.0,1.0,True,False
PXD014382,1,9606,1,9606,1,0,0,1.0,1.0,1.0,1.0,True,True
PXD014472,1,7227,1,7227,1,0,0,1.0,1.0,1.0,1.0,True,False
PXD014520,1,9606,1,9606,1,0,0,1.0,1.0,1.0,1.0,True,False
PXD014542,1,1692259,2,7227; 9606,0,2,1,0.0,0.0,0.0,0.0,True,False
PXD014663,1,58002,1,7227,0,1,1,0.0,0.0,0.0,0.0,True,False
PXD014678,1,9606,1,9606,1,0,0,1.0,1.0,1.0,1.0,True,True
PXD014685,1,9913,2,9606; 9823,0,2,1,0.0,0.0,0.0,0.0,True,True
PXD014691,1,10090,1,10090,1,0,0,1.0,1.0,1.0,1.0,True,False
PXD014731,1,9606,1,9606,1,0,0,1.0,1.0,1.0,1.0,True,True
PXD014738,1,209285,1,562,0,1,1,0.0,0.0,0.0,0.0,True,False
PXD014848,1,10116,1,10116,1,0,0,1.0,1.0,1.0,1.0,True,True
PXD014853,1,9606,1,9606,1,0,0,1.0,1.0,1.0,1.0,True,True
PXD014855,1,9606,1,9606,1,0,0,1.0,1.0,1.0,1.0,True,False
PXD014871,1,9606,1,9606,1,0,0,1.0,1.0,1.0,1.0,True,True
PXD014968,1,658457,2,286; 562,0,2,1,0.0,0.0,0.0,0.0,True,True
PXD014974,1,309800,1,2246,0,1,1,0.0,0.0,0.0,0.0,True,True
PXD014988,1,9606,1,9606,1,0,0,1.0,1.0,1.0,1.0,True,True
PXD015218,1,10090,1,9606,0,1,1,0.0,0.0,0.0,0.0,True,True
PXD015234,1,9913,1,9913,1,0,0,1.0,1.0,1.0,1.0,True,False
PXD015283,1,9606,1,9606,1,0,0,1.0,1.0,1.0,1.0,True,True
PXD015298,1,7108,1,9606,0,1,1,0.0,0.0,0.0,0.0,True,True
PXD015377,1,9606,2,9606; 9913,1,1,0,1.0,0.5,0.6666666666666666,0.75,True,False
PXD015389,1,9606,1,9606,1,0,0,1.0,1.0,1.0,1.0,True,True
PXD015441,1,9606,1,9606,1,0,0,1.0,1.0,1.0,1.0,True,False
PXD015445,1,9606,1,9606,1,0,0,1.0,1.0,1.0,1.0,True,False
PXD015454,1,9606,1,9606,1,0,0,1.0,1.0,1.0,1.0,True,True
PXD015474,1,9606,1,9606,1,0,0,1.0,1.0,1.0,1.0,True,True
PXD015475,2,9031; 9606,2,9031; 9606,2,0,0,1.0,1.0,1.0,1.0,True,False
PXD015639,1,9606,1,9606,1,0,0,1.0,1.0,1.0,1.0,True,False
PXD015656,1,9606,1,9606,1,0,0,1.0,1.0,1.0,1.0,True,True
PXD015662,1,9606,1,9606,1,0,0,1.0,1.0,1.0,1.0,True,False
PXD015673,1,9606,1,9606,1,0,0,1.0,1.0,1.0,1.0,True,False
PXD015676,1,4932,1,4932,1,0,0,1.0,1.0,1.0,1.0,True,False
PXD015684,1,9606,1,9606,1,0,0,1.0,1.0,1.0,1.0,True,False
PXD015787,1,9606,2,562; 9606,1,1,0,1.0,0.5,0.6666666666666666,0.75,True,True
PXD015790,1,9606,1,9606,1,0,0,1.0,1.0,1.0,1.0,True,False
PXD015791,1,9606,2,10090; 9606,1,1,0,1.0,0.5,0.6666666666666666,0.75,True,True
PXD015793,1,759272,1,9606,0,1,1,0.0,0.0,0.0,0.0,True,False
PXD015824,1,9606,1,9606,1,0,0,1.0,1.0,1.0,1.0,True,False
PXD015949,1,10090,1,10090,1,0,0,1.0,1.0,1.0,1.0,False,True
PXD015964,1,152335,1,1590,0,1,1,0.0,0.0,0.0,0.0,True,False
PXD015986,1,5911,1,9606,0,1,1,0.0,0.0,0.0,0.0,True,False
PXD016007,1,9606,1,9606,1,0,0,1.0,1.0,1.0,1.0,True,False
PXD016097,1,10116,1,10116,1,0,0,1.0,1.0,1.0,1.0,True,True
PXD016110,1,9606,1,9606,1,0,0,1.0,1.0,1.0,1.0,True,False
PXD016147,1,9606,1,9606,1,0,0,1.0,1.0,1.0,1.0,True,False
PXD016257,1,3702,1,3702,1,0,0,1.0,1.0,1.0,1.0,True,True
PXD016311,2,153009; 990119,3,153009; 6239; 9606,1,2,1,0.5,0.3333333333333333,0.4,0.41666666666666663,True,False
PXD016315,1,3702,1,3702,1,0,0,1.0,1.0,1.0,1.0,True,True
PXD016321,1,10090,3,10090; 9606; 9913,1,2,0,1.0,0.3333333333333333,0.5,0.6666666666666666,True,True
PXD016378,1,9606,1,9606,1,0,0,1.0,1.0,1.0,1.0,True,True
PXD016385,1,9606,1,9606,1,0,0,1.0,1.0,1.0,1.0,True,False
PXD016468,1,9606,1,9606,1,0,0,1.0,1.0,1.0,1.0,True,True
PXD016606,1,3702,2,3702; TAIR TaxID = 3702,1,1,0,1.0,0.5,0.6666666666666666,0.75,True,True
PXD016661,1,9606,1,9606,1,0,0,1.0,1.0,1.0,1.0,True,False
PXD016748,1,9606,1,9606,1,0,0,1.0,1.0,1.0,1.0,True,False
PXD016814,1,1213463,1,2104,0,1,1,0.0,0.0,0.0,0.0,True,False
PXD016815,1,4932,1,4932,1,0,0,1.0,1.0,1.0,1.0,True,True
PXD016816,1,9606,1,9606,1,0,0,1.0,1.0,1.0,1.0,True,False
PXD016858,1,1524260,1,1524260,1,0,0,1.0,1.0,1.0,1.0,True,False
PXD016862,1,9606,1,9606,1,0,0,1.0,1.0,1.0,1.0,True,True
PXD016871,1,10090,1,9606,0,1,1,0.0,0.0,0.0,0.0,True,False
PXD016875,1,9606,1,9606,1,0,0,1.0,1.0,1.0,1.0,True,False
PXD016912,1,9606,1,9606,1,0,0,1.0,1.0,1.0,1.0,True,False
PXD016919,1,10090,1,10090,1,0,0,1.0,1.0,1.0,1.0,True,False
PXD016932,1,9606,2,9606; 9913,1,1,0,1.0,0.5,0.6666666666666666,0.75,True,True
PXD017020,1,9031,1,9031,1,0,0,1.0,1.0,1.0,1.0,True,True
PXD017032,1,5811,3,10090; 562; 9606,0,3,1,0.0,0.0,0.0,0.0,True,False
PXD017065,1,9606,1,9606,1,0,0,1.0,1.0,1.0,1.0,True,True
PXD017229,1,865859,1,1534976,0,1,1,0.0,0.0,0.0,0.0,True,False
PXD017239,1,9606,1,9606,1,0,0,1.0,1.0,1.0,1.0,True,True
PXD017273,2,10090; 9606,4,10090; 10116; 9606; 9913,2,2,0,1.0,0.5,0.6666666666666666,0.75,True,True
PXD017293,1,116851,1,7955,0,1,1,0.0,0.0,0.0,0.0,True,False
PXD017332,1,9606,1,9606,1,0,0,1.0,1.0,1.0,1.0,True,True
PXD017347,1,10116,1,10116,1,0,0,1.0,1.0,1.0,1.0,True,False
PXD017351,1,10090,1,10090,1,0,0,1.0,1.0,1.0,1.0,True,False
PXD017352,2,562; 6239,3,562; 6239; 9606,2,1,0,1.0,0.6666666666666666,0.8,0.8333333333333333,True,True
PXD017376,1,9606,1,9606,1,0,0,1.0,1.0,1.0,1.0,True,False
PXD017383,1,8355,1,8355,1,0,0,1.0,1.0,1.0,1.0,True,True
PXD017508,1,9606,1,9606,1,0,0,1.0,1.0,1.0,1.0,True,True
PXD017524,1,9606,1,9606,1,0,0,1.0,1.0,1.0,1.0,True,True
PXD017611,1,9606,1,9606,1,0,0,1.0,1.0,1.0,1.0,True,False
PXD017670,2,10090; 9606,2,10090; 562,1,1,1,0.5,0.5,0.5,0.5,True,False
PXD017762,1,786,2,9031; 9606,0,2,1,0.0,0.0,0.0,0.0,True,False
PXD017772,1,10090,1,9913,0,1,1,0.0,0.0,0.0,0.0,True,False
PXD017788,1,10090,1,10090,1,0,0,1.0,1.0,1.0,1.0,True,False
PXD017792,1,9606,1,562,0,1,1,0.0,0.0,0.0,0.0,True,False
PXD017836,1,9606,2,1765; 9606,1,1,0,1.0,0.5,0.6666666666666666,0.75,True,True
PXD017847,1,3715,2,3702; 3711,0,2,1,0.0,0.0,0.0,0.0,True,True
PXD017850,1,10090,2,10090; 9913,1,1,0,1.0,0.5,0.6666666666666666,0.75,True,False
PXD017964,1,9606,2,562; 9606,1,1,0,1.0,0.5,0.6666666666666666,0.75,True,True
PXD018021,1,9606,1,9606,1,0,0,1.0,1.0,1.0,1.0,True,False
PXD018045,1,1859,1,9606,0,1,1,0.0,0.0,0.0,0.0,True,False
PXD018055,1,9606,1,9606,1,0,0,1.0,1.0,1.0,1.0,True,False
PXD018059,1,6269,1,6239,0,1,1,0.0,0.0,0.0,0.0,True,False
PXD018077,1,10090,2,10090; 562,1,1,0,1.0,0.5,0.6666666666666666,0.75,True,False
PXD018090,1,10090,1,10090,1,0,0,1.0,1.0,1.0,1.0,True,True
PXD018096,1,92683,1,9031,0,1,1,0.0,0.0,0.0,0.0,True,False
PXD018112,1,330879,1,746128,0,1,1,0.0,0.0,0.0,0.0,True,False
PXD018147,1,10090,2,10090; 9606,1,1,0,1.0,0.5,0.6666666666666666,0.75,True,True
PXD018245,2,10090; 9606,3,10090; 9606; 9913,2,1,0,1.0,0.6666666666666666,0.8,0.8333333333333333,True,True
PXD018331,1,5691,1,5691,1,0,0,1.0,1.0,1.0,1.0,True,False
PXD018449,1,9606,1,9606,1,0,0,1.0,1.0,1.0,1.0,True,True
PXD018452,1,9606,1,9606,1,0,0,1.0,1.0,1.0,1.0,True,True
PXD018461,1,926571,2,2246; 9913,0,2,1,0.0,0.0,0.0,0.0,True,False
PXD018508,1,28141,1,562,0,1,1,0.0,0.0,0.0,0.0,True,False
PXD018517,1,9606,1,9606,1,0,0,1.0,1.0,1.0,1.0,True,False
PXD018591,1,4932,2,4932; 9606,1,1,0,1.0,0.5,0.6666666666666666,0.75,True,True
PXD018621,1,9606,1,9606,1,0,0,1.0,1.0,1.0,1.0,True,True
PXD018651,1,4932,2,4932; 9606,1,1,0,1.0,0.5,0.6666666666666666,0.75,True,True
PXD018692,1,9615,2,9606; 9612,0,2,1,0.0,0.0,0.0,0.0,True,True
PXD018693,1,9913,1,7227,0,1,1,0.0,0.0,0.0,0.0,True,False
PXD018701,1,10090,1,10090,1,0,0,1.0,1.0,1.0,1.0,True,False
PXD018743,1,10090,1,10090,1,0,0,1.0,1.0,1.0,1.0,True,False
PXD018749,1,7227,1,7227,1,0,0,1.0,1.0,1.0,1.0,True,False
PXD018778,1,4530,1,4530,1,0,0,1.0,1.0,1.0,1.0,True,True
PXD018780,1,9606,2,7227; 9606,1,1,0,1.0,0.5,0.6666666666666666,0.75,True,True
PXD018783,1,10090,2,10090; 4932,1,1,0,1.0,0.5,0.6666666666666666,0.75,True,False
PXD018806,1,9606,1,9606,1,0,0,1.0,1.0,1.0,1.0,True,False
PXD018811,1,9606,1,9606,1,0,0,1.0,1.0,1.0,1.0,True,True
PXD018827,1,10090,1,10090,1,0,0,1.0,1.0,1.0,1.0,True,True
PXD018851,3,1085956; 649408; 669202,3,562; 7955; 9606,0,3,3,0.0,0.0,0.0,0.0,True,False
PXD018926,1,9606,1,9606,1,0,0,1.0,1.0,1.0,1.0,True,False
PXD018983,1,9606,1,9606,1,0,0,1.0,1.0,1.0,1.0,True,True
PXD019056,1,10090,1,10090,1,0,0,1.0,1.0,1.0,1.0,True,False
PXD019067,1,10090,1,10090,1,0,0,1.0,1.0,1.0,1.0,True,True
PXD019117,1,10116,2,10090; 9606,0,2,1,0.0,0.0,0.0,0.0,True,False
PXD019119,1,2697049,1,9606,0,1,1,0.0,0.0,0.0,0.0,True,False
PXD019121,2,2; 692036,3,9606; 9823; 9913,0,3,2,0.0,0.0,0.0,0.0,True,False
PXD019126,1,9606,1,9606,1,0,0,1.0,1.0,1.0,1.0,True,True
PXD019204,1,9606,2,10090; 9606,1,1,0,1.0,0.5,0.6666666666666666,0.75,True,False
PXD019215,1,9913,1,9913,1,0,0,1.0,1.0,1.0,1.0,True,True
PXD019298,1,9825,2,9606; 9823,0,2,1,0.0,0.0,0.0,0.0,True,True
PXD019302,1,676,1,676,1,0,0,1.0,1.0,1.0,1.0,True,False
PXD019412,1,3702,1,9606,0,1,1,0.0,0.0,0.0,0.0,True,False
PXD019430,1,9606,1,9606,1,0,0,1.0,1.0,1.0,1.0,True,False
PXD019470,1,208964,1,4565,0,1,1,0.0,0.0,0.0,0.0,True,False
PXD019479,1,9606,1,9606,1,0,0,1.0,1.0,1.0,1.0,True,False
PXD019590,1,9606,1,9606,1,0,0,1.0,1.0,1.0,1.0,True,True
PXD019702,1,9606,1,9606,1,0,0,1.0,1.0,1.0,1.0,True,False
PXD019723,1,10090,1,10090,1,0,0,1.0,1.0,1.0,1.0,True,False
PXD019768,1,9913,1,9606,0,1,1,0.0,0.0,0.0,0.0,True,False
PXD019793,1,9606,1,9606,1,0,0,1.0,1.0,1.0,1.0,True,True
PXD019803,1,9606,2,2697049; 9606,1,1,0,1.0,0.5,0.6666666666666666,0.75,True,True
PXD019808,1,10116,1,9606,0,1,1,0.0,0.0,0.0,0.0,True,False
PXD019886,1,9606,1,9606,1,0,0,1.0,1.0,1.0,1.0,True,False
PXD019902,1,9606,1,9606,1,0,0,1.0,1.0,1.0,1.0,True,True
PXD019907,1,9606,1,9606,1,0,0,1.0,1.0,1.0,1.0,True,True
PXD019908,1,10116,1,10116,1,0,0,1.0,1.0,1.0,1.0,True,False
PXD019913,1,10090,1,10090,1,0,0,1.0,1.0,1.0,1.0,False,True
PXD019954,1,9606,1,9606,1,0,0,1.0,1.0,1.0,1.0,True,True
PXD020090,1,9606,1,9606,1,0,0,1.0,1.0,1.0,1.0,True,False
PXD020133,1,9606,1,9606,1,0,0,1.0,1.0,1.0,1.0,True,False
PXD020190,1,5691,1,5691,1,0,0,1.0,1.0,1.0,1.0,True,False
PXD020233,1,3702,1,3702,1,0,0,1.0,1.0,1.0,1.0,True,True
PXD020239,1,9606,1,9606,1,0,0,1.0,1.0,1.0,1.0,True,True
PXD020250,1,9606,1,9606,1,0,0,1.0,1.0,1.0,1.0,True,False
PXD020262,1,10090,1,10090,1,0,0,1.0,1.0,1.0,1.0,True,True
PXD020277,1,9606,1,9606,1,0,0,1.0,1.0,1.0,1.0,False,True
PXD020327,1,9606,1,9606,1,0,0,1.0,1.0,1.0,1.0,True,False
PXD020332,1,142104,1,142104,1,0,0,1.0,1.0,1.0,1.0,True,False
PXD020359,1,4932,1,4932,1,0,0,1.0,1.0,1.0,1.0,True,True
PXD020418,1,9606,1,9606,1,0,0,1.0,1.0,1.0,1.0,True,False
PXD020482,1,9606,1,9606,1,0,0,1.0,1.0,1.0,1.0,True,False
PXD020491,1,9606,1,9606,1,0,0,1.0,1.0,1.0,1.0,True,True
PXD020494,1,9606,1,9606,1,0,0,1.0,1.0,1.0,1.0,True,True
PXD020495,1,4113,2,3702; 4113,1,1,0,1.0,0.5,0.6666666666666666,0.75,True,True
PXD020543,1,9606,1,9606,1,0,0,1.0,1.0,1.0,1.0,True,False
PXD020585,1,9606,1,9606,1,0,0,1.0,1.0,1.0,1.0,True,False
PXD020606,2,9606; 9825,3,9606; 9823; 9913,1,2,1,0.5,0.3333333333333333,0.4,0.41666666666666663,True,False
PXD020732,1,9986,1,9606,0,1,1,0.0,0.0,0.0,0.0,True,False
PXD020763,1,9606,1,9606,1,0,0,1.0,1.0,1.0,1.0,True,True
PXD020786,2,13613; 9606,2,818; 9606,1,1,1,0.5,0.5,0.5,0.5,True,False
PXD020819,1,4565,1,4565,1,0,0,1.0,1.0,1.0,1.0,True,False
PXD020858,1,9606,2,9606; 9823,1,1,0,1.0,0.5,0.6666666666666666,0.75,True,True
PXD020949,2,1040610; 1147787,2,5476; 9913,0,2,2,0.0,0.0,0.0,0.0,True,False
PXD020956,1,9825,1,9823,0,1,1,0.0,0.0,0.0,0.0,True,True
PXD020994,1,9606,1,9606,1,0,0,1.0,1.0,1.0,1.0,True,False
PXD021016,1,10090,1,10090,1,0,0,1.0,1.0,1.0,1.0,True,True
PXD021039,1,9606,1,9606,1,0,0,1.0,1.0,1.0,1.0,True,False
PXD021040,1,9606,1,9606,1,0,0,1.0,1.0,1.0,1.0,True,True
PXD021172,1,2850,1,9606,0,1,1,0.0,0.0,0.0,0.0,True,False
PXD021186,1,10090,1,10090,1,0,0,1.0,1.0,1.0,1.0,True,False
PXD021192,1,9606,1,9606,1,0,0,1.0,1.0,1.0,1.0,True,False
PXD021232,1,10090,2,10090; 9606,1,1,0,1.0,0.5,0.6666666666666666,0.75,True,True
PXD021328,1,2697049,1,9606,0,1,1,0.0,0.0,0.0,0.0,True,False
PXD021423,1,52132,1,9606,0,1,1,0.0,0.0,0.0,0.0,True,False
PXD021444,1,9606,1,9606,1,0,0,1.0,1.0,1.0,1.0,True,False
PXD021475,1,10090,1,10090,1,0,0,1.0,1.0,1.0,1.0,True,False
PXD021514,1,9606,1,9606,1,0,0,1.0,1.0,1.0,1.0,True,False
PXD021516,1,507601,3,10090; 5811; 9606,0,3,1,0.0,0.0,0.0,0.0,True,True
PXD021560,1,5691,1,5691,1,0,0,1.0,1.0,1.0,1.0,True,True
PXD021574,2,562; 9913,3,562; 9606; 9913,2,1,0,1.0,0.6666666666666666,0.8,0.8333333333333333,True,True
PXD021585,1,1899318,2,9606; 9823,0,2,1,0.0,0.0,0.0,0.0,True,False
PXD021648,1,9913,1,4932,0,1,1,0.0,0.0,0.0,0.0,True,False
PXD021662,1,4932,1,4932,1,0,0,1.0,1.0,1.0,1.0,True,False
PXD021679,1,9606,1,9606,1,0,0,1.0,1.0,1.0,1.0,True,True
PXD021781,1,9913,1,9913,1,0,0,1.0,1.0,1.0,1.0,True,True
PXD021797,1,5691,1,5691,1,0,0,1.0,1.0,1.0,1.0,True,False
PXD021969,1,10090,2,10090; 562,1,1,0,1.0,0.5,0.6666666666666666,0.75,True,True
PXD021970,1,5823,1,10090,0,1,1,0.0,0.0,0.0,0.0,True,False
PXD022037,1,9606,1,9606,1,0,0,1.0,1.0,1.0,1.0,True,False
PXD022095,1,9606,1,9606,1,0,0,1.0,1.0,1.0,1.0,True,False
PXD022113,1,1578,1,109790,0,1,1,0.0,0.0,0.0,0.0,True,False
PXD022119,1,9606,1,9606,1,0,0,1.0,1.0,1.0,1.0,True,False
PXD022204,1,9606,1,9606,1,0,0,1.0,1.0,1.0,1.0,True,True
PXD022280,1,9606,1,9606,1,0,0,1.0,1.0,1.0,1.0,True,True
PXD022545,1,9606,1,9606,1,0,0,1.0,1.0,1.0,1.0,True,False
PXD022558,1,10090,1,10090,1,0,0,1.0,1.0,1.0,1.0,True,True
PXD022600,1,10090,1,10090,1,0,0,1.0,1.0,1.0,1.0,True,True
PXD022606,1,4932,1,9606,0,1,1,0.0,0.0,0.0,0.0,True,False
PXD022635,1,9606,1,9606,1,0,0,1.0,1.0,1.0,1.0,True,True
PXD022826,1,9606,1,9606,1,0,0,1.0,1.0,1.0,1.0,True,True
PXD022833,1,4932,2,4932; 9606,1,1,0,1.0,0.5,0.6666666666666666,0.75,True,False
PXD022838,1,9606,1,9606,1,0,0,1.0,1.0,1.0,1.0,True,True
PXD022861,1,9606,1,9606,1,0,0,1.0,1.0,1.0,1.0,True,True
PXD022869,1,9606,2,562; 9606,1,1,0,1.0,0.5,0.6666666666666666,0.75,True,True
PXD022888,1,10090,1,10090,1,0,0,1.0,1.0,1.0,1.0,True,False
PXD022970,1,10377,2,562; 9823,0,2,1,0.0,0.0,0.0,0.0,True,False
PXD022997,1,10090,1,9606,0,1,1,0.0,0.0,0.0,0.0,True,True
PXD023032,1,9606,1,9606,1,0,0,1.0,1.0,1.0,1.0,True,False
PXD023073,1,562,2,562; 9606,1,1,0,1.0,0.5,0.6666666666666666,0.75,True,True
PXD023082,1,246196,1,10090,0,1,1,0.0,0.0,0.0,0.0,True,False
PXD023164,1,4932,1,4932,1,0,0,1.0,1.0,1.0,1.0,True,False
PXD023169,1,9606,1,9913,0,1,1,0.0,0.0,0.0,0.0,True,False
PXD023345,1,9606,2,10116; 9606,1,1,0,1.0,0.5,0.6666666666666666,0.75,True,True
PXD023352,1,93062,2,1280; 9606,0,2,1,0.0,0.0,0.0,0.0,True,True
PXD023377,1,9606,2,10090; 9606,1,1,0,1.0,0.5,0.6666666666666666,0.75,True,True
PXD023417,2,330879; 9606,2,9606; 9823,1,1,1,0.5,0.5,0.5,0.5,True,False
PXD023479,1,9606,1,9606,1,0,0,1.0,1.0,1.0,1.0,True,True
PXD023523,1,9606,2,562; 9606,1,1,0,1.0,0.5,0.6666666666666666,0.75,True,True
PXD023525,2,562; 9606,2,562; 9606,2,0,0,1.0,1.0,1.0,1.0,True,False
PXD023527,1,9606,1,9606,1,0,0,1.0,1.0,1.0,1.0,True,True
PXD023707,1,9606,1,9606,1,0,0,1.0,1.0,1.0,1.0,True,False
PXD023718,1,9606,1,9606,1,0,0,1.0,1.0,1.0,1.0,True,True
PXD023759,1,375939,1,6339,0,1,1,0.0,0.0,0.0,0.0,True,False
PXD023831,1,3702,1,562,0,1,1,0.0,0.0,0.0,0.0,True,True
PXD023860,1,10090,1,10090,1,0,0,1.0,1.0,1.0,1.0,True,False
PXD023906,1,9606,1,9606,1,0,0,1.0,1.0,1.0,1.0,True,False
PXD023937,1,9606,1,9606,1,0,0,1.0,1.0,1.0,1.0,True,False
PXD023957,1,9606,2,562; 9606,1,1,0,1.0,0.5,0.6666666666666666,0.75,True,True
PXD023959,1,9606,1,9606,1,0,0,1.0,1.0,1.0,1.0,True,False
PXD023973,1,272634,1,9796,0,1,1,0.0,0.0,0.0,0.0,True,False
PXD023985,1,4081,1,4081,1,0,0,1.0,1.0,1.0,1.0,True,False
PXD024044,1,9606,1,9606,1,0,0,1.0,1.0,1.0,1.0,True,False
PXD024045,1,6239,1,6239,1,0,0,1.0,1.0,1.0,1.0,True,False
PXD024054,1,9606,1,9606,1,0,0,1.0,1.0,1.0,1.0,True,False
PXD024066,1,9606,1,9606,1,0,0,1.0,1.0,1.0,1.0,True,True
PXD024093,1,6239,1,6239,1,0,0,1.0,1.0,1.0,1.0,True,False
PXD024094,1,6239,1,6239,1,0,0,1.0,1.0,1.0,1.0,True,True
PXD024095,1,6239,1,6239,1,0,0,1.0,1.0,1.0,1.0,True,True
PXD024116,1,10090,1,10090,1,0,0,1.0,1.0,1.0,1.0,True,True
PXD024139,1,9606,1,9606,1,0,0,1.0,1.0,1.0,1.0,True,True
PXD024155,2,10090; 9606,3,10090; 10116; 9606,2,1,0,1.0,0.6666666666666666,0.8,0.8333333333333333,True,True
PXD024220,1,1513458,1,562,0,1,1,0.0,0.0,0.0,0.0,True,False
PXD024259,1,9606,1,9606,1,0,0,1.0,1.0,1.0,1.0,True,True
PXD024345,1,10090,3,10090; 9606; 9796,1,2,0,1.0,0.3333333333333333,0.5,0.6666666666666666,True,False
PXD024373,1,9606,1,9606,1,0,0,1.0,1.0,1.0,1.0,True,True
PXD024432,2,374990; 9606,3,9606; 9823; 9913,1,2,1,0.5,0.3333333333333333,0.4,0.41666666666666663,True,False
PXD024501,1,10090,2,10090; 10116,1,1,0,1.0,0.5,0.6666666666666666,0.75,True,True
PXD024563,1,3702,2,3702; 9606,1,1,0,1.0,0.5,0.6666666666666666,0.75,True,True
PXD024609,1,1379270,1,818,0,1,1,0.0,0.0,0.0,0.0,True,False
PXD024637,1,10090,1,10090,1,0,0,1.0,1.0,1.0,1.0,True,False
PXD024640,1,4932,1,4932,1,0,0,1.0,1.0,1.0,1.0,True,True
PXD024642,1,9606,1,9606,1,0,0,1.0,1.0,1.0,1.0,True,False
PXD024647,1,9606,1,9606,1,0,0,1.0,1.0,1.0,1.0,True,False
PXD024749,2,562; 5833,2,5833; 9606,1,1,1,0.5,0.5,0.5,0.5,True,False
PXD024978,1,9606,1,9606,1,0,0,1.0,1.0,1.0,1.0,True,True
PXD025027,1,9606,2,10090; 9913,0,2,1,0.0,0.0,0.0,0.0,True,False
PXD025097,1,10090,1,10090,1,0,0,1.0,1.0,1.0,1.0,True,True
PXD025130,1,2697049,2,2697049; 9606,1,1,0,1.0,0.5,0.6666666666666666,0.75,True,True
PXD025131,1,2697049,2,2697049; 9606,1,1,0,1.0,0.5,0.6666666666666666,0.75,True,True
PXD025133,1,9606,2,9606; 9913,1,1,0,1.0,0.5,0.6666666666666666,0.75,True,True
PXD025175,1,10090,1,10090,1,0,0,1.0,1.0,1.0,1.0,True,False
PXD025176,1,10090,1,10090,1,0,0,1.0,1.0,1.0,1.0,True,True
PXD025185,1,9606,1,9606,1,0,0,1.0,1.0,1.0,1.0,True,True
PXD025289,1,10090,1,10090,1,0,0,1.0,1.0,1.0,1.0,True,False
PXD025330,1,10090,1,10090,1,0,0,1.0,1.0,1.0,1.0,True,True
PXD025338,1,9606,1,9606,1,0,0,1.0,1.0,1.0,1.0,True,False
PXD025369,1,9606,2,8355; 9606,1,1,0,1.0,0.5,0.6666666666666666,0.75,True,True
PXD025440,1,10090,2,10090; 3055,1,1,0,1.0,0.5,0.6666666666666666,0.75,True,True
PXD025472,1,6239,1,562,0,1,1,0.0,0.0,0.0,0.0,True,False
PXD025505,1,408170,2,818; 9606,0,2,1,0.0,0.0,0.0,0.0,True,True
PXD025587,1,4932,1,4932,1,0,0,1.0,1.0,1.0,1.0,True,False
PXD025588,1,4932,1,4932,1,0,0,1.0,1.0,1.0,1.0,True,False
PXD025590,1,9606,1,9606,1,0,0,1.0,1.0,1.0,1.0,True,False
PXD025623,1,9606,1,9606,1,0,0,1.0,1.0,1.0,1.0,True,False
PXD025633,1,9606,1,9606,1,0,0,1.0,1.0,1.0,1.0,True,False
PXD025681,1,211586,1,562,0,1,1,0.0,0.0,0.0,0.0,True,False
PXD025727,1,4932,1,4932,1,0,0,1.0,1.0,1.0,1.0,True,True
PXD025757,1,9606,1,9606,1,0,0,1.0,1.0,1.0,1.0,True,False
PXD025803,1,9606,1,562,0,1,1,0.0,0.0,0.0,0.0,True,False
PXD025886,1,9606,1,9606,1,0,0,1.0,1.0,1.0,1.0,True,True
PXD025912,1,9606,2,562; 9606,1,1,0,1.0,0.5,0.6666666666666666,0.75,True,True
PXD025967,1,443239,1,9606,0,1,1,0.0,0.0,0.0,0.0,True,True
PXD025970,1,9606,1,9606,1,0,0,1.0,1.0,1.0,1.0,True,True
PXD026014,1,9913,3,3702; 9606; 9913,1,2,0,1.0,0.3333333333333333,0.5,0.6666666666666666,True,True
PXD026037,4,4932; 9606; 9796; 9913,2,9534; 9606,1,1,3,0.25,0.5,0.3333333333333333,0.375,True,False
PXD026046,1,9606,2,1280; 9606,1,1,0,1.0,0.5,0.6666666666666666,0.75,True,True
PXD026062,1,562,1,562,1,0,0,1.0,1.0,1.0,1.0,True,True
PXD026071,1,9606,1,9606,1,0,0,1.0,1.0,1.0,1.0,True,True
PXD026082,1,9606,1,9606,1,0,0,1.0,1.0,1.0,1.0,True,True
PXD026098,1,9606,1,9606,1,0,0,1.0,1.0,1.0,1.0,True,False
PXD026121,1,9796,1,9796,1,0,0,1.0,1.0,1.0,1.0,True,True
PXD026136,1,9606,1,9606,1,0,0,1.0,1.0,1.0,1.0,False,True
PXD026137,1,9606,1,9606,1,0,0,1.0,1.0,1.0,1.0,False,True
PXD026138,1,9606,1,9606,1,0,0,1.0,1.0,1.0,1.0,False,True
PXD026226,1,9606,1,9606,1,0,0,1.0,1.0,1.0,1.0,True,True
PXD026281,1,9606,1,9606,1,0,0,1.0,1.0,1.0,1.0,True,True
PXD026293,1,9606,1,9606,1,0,0,1.0,1.0,1.0,1.0,True,False
PXD026353,1,9606,1,9606,1,0,0,1.0,1.0,1.0,1.0,True,True
PXD026436,1,9606,1,9606,1,0,0,1.0,1.0,1.0,1.0,True,True
PXD026508,1,9606,2,9606; 9913,1,1,0,1.0,0.5,0.6666666666666666,0.75,True,True
PXD026512,1,9606,1,9606,1,0,0,1.0,1.0,1.0,1.0,True,False
PXD026598,1,83906,1,3702,0,1,1,0.0,0.0,0.0,0.0,True,False
PXD026655,1,9825,1,9823,0,1,1,0.0,0.0,0.0,0.0,True,False
PXD026687,1,9606,1,9606,1,0,0,1.0,1.0,1.0,1.0,True,True
PXD026767,1,5476,1,5476,1,0,0,1.0,1.0,1.0,1.0,True,True
PXD026798,4,10239; 2; 2157; 2759,6,1492; 3702; 562; 818; 9606; 9823,0,6,4,0.0,0.0,0.0,0.0,True,False
PXD026818,1,10116,2,10090; 10116,1,1,0,1.0,0.5,0.6666666666666666,0.75,True,False
PXD026822,1,9606,1,9913,0,1,1,0.0,0.0,0.0,0.0,True,False
PXD026898,1,9606,1,562,0,1,1,0.0,0.0,0.0,0.0,True,False
PXD026929,1,9606,1,9606,1,0,0,1.0,1.0,1.0,1.0,True,False
PXD026944,1,10090,1,10090,1,0,0,1.0,1.0,1.0,1.0,True,False
PXD026990,1,3055,1,3055,1,0,0,1.0,1.0,1.0,1.0,True,True
PXD027000,1,9606,2,10090; 9606,1,1,0,1.0,0.5,0.6666666666666666,0.75,True,True
PXD027015,1,925390,1,9606,0,1,1,0.0,0.0,0.0,0.0,True,False
PXD027025,1,9606,1,9606,1,0,0,1.0,1.0,1.0,1.0,True,True
PXD027037,1,3702,1,3702,1,0,0,1.0,1.0,1.0,1.0,True,True
PXD027042,1,9606,1,9606,1,0,0,1.0,1.0,1.0,1.0,True,False
PXD027051,1,9606,1,9606,1,0,0,1.0,1.0,1.0,1.0,True,True
PXD027053,1,2246,1,2246,1,0,0,1.0,1.0,1.0,1.0,True,False
PXD027087,1,9606,1,9606,1,0,0,1.0,1.0,1.0,1.0,True,True
PXD027094,1,3702,1,3702,1,0,0,1.0,1.0,1.0,1.0,True,True
PXD027181,1,1343074,1,562,0,1,1,0.0,0.0,0.0,0.0,True,False
PXD027203,2,10090; 9606,4,10090; 10116; 9606; 9913,2,2,0,1.0,0.5,0.6666666666666666,0.75,True,True
PXD027221,1,9606,1,9606,1,0,0,1.0,1.0,1.0,1.0,True,True
PXD027260,1,9825,1,9823,0,1,1,0.0,0.0,0.0,0.0,True,True
PXD027317,1,9031,1,9031,1,0,0,1.0,1.0,1.0,1.0,True,False
PXD027352,1,9606,1,9606,1,0,0,1.0,1.0,1.0,1.0,True,False
PXD027355,1,9606,1,9606,1,0,0,1.0,1.0,1.0,1.0,True,False
PXD027364,1,9606,1,9606,1,0,0,1.0,1.0,1.0,1.0,True,True
PXD027412,2,11072; 9606,2,9606; 9913,1,1,1,0.5,0.5,0.5,0.5,True,True
PXD027451,1,10090,1,10090,1,0,0,1.0,1.0,1.0,1.0,True,False
PXD027493,1,10090,1,10090,1,0,0,1.0,1.0,1.0,1.0,True,False
PXD027507,1,1647520,2,9606; 9913,0,2,1,0.0,0.0,0.0,0.0,True,False
PXD027518,4,48479; 48510; 57731; 61964,8,10090; 10116; 4565; 562; 9606; 9796; 9823; 9913,0,8,4,0.0,0.0,0.0,0.0,True,False
PXD027524,1,1416333,3,5691; 5693; 9606,0,3,1,0.0,0.0,0.0,0.0,True,True
PXD027528,1,7955,1,7955,1,0,0,1.0,1.0,1.0,1.0,False,True
PXD027539,1,9825,1,9823,0,1,1,0.0,0.0,0.0,0.0,True,True
PXD027571,1,9825,1,9823,0,1,1,0.0,0.0,0.0,0.0,True,True
PXD027613,1,9606,1,9606,1,0,0,1.0,1.0,1.0,1.0,True,False
PXD027640,1,36329,1,5833,0,1,1,0.0,0.0,0.0,0.0,True,False
PXD027727,1,9606,1,9606,1,0,0,1.0,1.0,1.0,1.0,True,True
PXD027745,1,10090,1,10090,1,0,0,1.0,1.0,1.0,1.0,True,True
PXD027773,1,10116,1,10116,1,0,0,1.0,1.0,1.0,1.0,True,True
PXD027783,1,9606,1,9606,1,0,0,1.0,1.0,1.0,1.0,True,True
PXD027841,1,9606,1,9606,1,0,0,1.0,1.0,1.0,1.0,True,False
PXD027844,1,4081,2,3702; 4565,0,2,1,0.0,0.0,0.0,0.0,True,False
PXD027882,1,9606,1,9606,1,0,0,1.0,1.0,1.0,1.0,True,False
PXD027923,1,9606,2,7227; 9606,1,1,0,1.0,0.5,0.6666666666666666,0.75,True,True
PXD028039,1,9606,2,562; 9606,1,1,0,1.0,0.5,0.6666666666666666,0.75,True,False
PXD028070,1,9606,1,9606,1,0,0,1.0,1.0,1.0,1.0,True,True
PXD028095,1,9913,1,9913,1,0,0,1.0,1.0,1.0,1.0,True,True
PXD028151,1,9606,1,9913,0,1,1,0.0,0.0,0.0,0.0,True,False
PXD028246,1,9606,1,9606,1,0,0,1.0,1.0,1.0,1.0,True,True
PXD028397,1,9606,1,9606,1,0,0,1.0,1.0,1.0,1.0,True,True
PXD028409,1,1280,1,1280,1,0,0,1.0,1.0,1.0,1.0,True,True
PXD028479,1,9606,1,9606,1,0,0,1.0,1.0,1.0,1.0,True,False
PXD028480,1,9606,1,9606,1,0,0,1.0,1.0,1.0,1.0,True,False
PXD028557,1,9606,2,4932; 9606,1,1,0,1.0,0.5,0.6666666666666666,0.75,True,True
PXD028582,1,10090,2,10090; 562,1,1,0,1.0,0.5,0.6666666666666666,0.75,True,True
PXD028652,2,2; 562,2,562; 818,1,1,1,0.5,0.5,0.5,0.5,True,False
PXD028733,1,9606,1,9606,1,0,0,1.0,1.0,1.0,1.0,True,False
PXD028742,1,224308,3,224308; 562; 9606,1,2,0,1.0,0.3333333333333333,0.5,0.6666666666666666,True,True
PXD028784,1,260201,1,3702,0,1,1,0.0,0.0,0.0,0.0,True,False
PXD028785,1,9606,1,9606,1,0,0,1.0,1.0,1.0,1.0,True,True
PXD028863,1,9606,1,9606,1,0,0,1.0,1.0,1.0,1.0,True,True
PXD028932,1,10090,1,10090,1,0,0,1.0,1.0,1.0,1.0,False,True
PXD029013,1,9606,1,9606,1,0,0,1.0,1.0,1.0,1.0,True,False
PXD029055,1,9825,3,562; 9606; 9823,0,3,1,0.0,0.0,0.0,0.0,True,True
PXD029059,1,229533,1,5518,0,1,1,0.0,0.0,0.0,0.0,True,False
PXD029103,1,9606,1,9606,1,0,0,1.0,1.0,1.0,1.0,True,False
PXD029141,1,9606,1,9606,1,0,0,1.0,1.0,1.0,1.0,True,False
PXD029256,1,9606,1,9606,1,0,0,1.0,1.0,1.0,1.0,True,True
PXD029297,1,9606,1,9606,1,0,0,1.0,1.0,1.0,1.0,True,True
PXD029335,1,9606,1,9606,1,0,0,1.0,1.0,1.0,1.0,True,False
PXD029340,1,407148,2,197; 9913,0,2,1,0.0,0.0,0.0,0.0,True,True
PXD029361,1,9606,1,562,0,1,1,0.0,0.0,0.0,0.0,True,False
PXD029429,2,10090; 9606,4,10090; 1280; 9606; 9913,2,2,0,1.0,0.5,0.6666666666666666,0.75,True,True
PXD029552,1,272563,1,9606,0,1,1,0.0,0.0,0.0,0.0,True,False
PXD029574,1,9606,1,9606,1,0,0,1.0,1.0,1.0,1.0,True,False
PXD029585,1,9606,1,9606,1,0,0,1.0,1.0,1.0,1.0,True,False
PXD029629,1,5478,1,5478,1,0,0,1.0,1.0,1.0,1.0,True,False
PXD029675,1,99287,2,562; 9606,0,2,1,0.0,0.0,0.0,0.0,True,True
PXD029783,1,9606,1,9606,1,0,0,1.0,1.0,1.0,1.0,True,False
PXD029795,1,9606,1,9606,1,0,0,1.0,1.0,1.0,1.0,True,True
PXD029865,1,9606,1,9606,1,0,0,1.0,1.0,1.0,1.0,True,False
PXD029867,1,10090,1,10090,1,0,0,1.0,1.0,1.0,1.0,True,False
PXD029881,1,9606,1,9606,1,0,0,1.0,1.0,1.0,1.0,True,False
PXD029978,1,1351,1,1280,0,1,1,0.0,0.0,0.0,0.0,True,False
PXD030036,1,9606,1,9606,1,0,0,1.0,1.0,1.0,1.0,True,True
PXD030071,1,3702,1,562,0,1,1,0.0,0.0,0.0,0.0,True,False
PXD030077,1,9606,1,9606,1,0,0,1.0,1.0,1.0,1.0,True,False
PXD030078,2,2; 411483,2,105841; 1492,0,2,2,0.0,0.0,0.0,0.0,True,False
PXD030098,1,3702,1,3702,1,0,0,1.0,1.0,1.0,1.0,True,False
PXD030112,1,3702,1,3702,1,0,0,1.0,1.0,1.0,1.0,True,True
PXD030212,1,10090,1,10090,1,0,0,1.0,1.0,1.0,1.0,True,False
PXD030213,1,9606,1,9606,1,0,0,1.0,1.0,1.0,1.0,True,False
PXD030215,1,9606,1,9606,1,0,0,1.0,1.0,1.0,1.0,True,False
PXD030233,1,562,1,562,1,0,0,1.0,1.0,1.0,1.0,True,False
PXD030240,1,10090,2,10090; 9913,1,1,0,1.0,0.5,0.6666666666666666,0.75,True,True
PXD030256,1,10090,1,10090,1,0,0,1.0,1.0,1.0,1.0,True,False
PXD030306,1,9606,1,9606,1,0,0,1.0,1.0,1.0,1.0,True,False
PXD030317,1,7227,1,7227,1,0,0,1.0,1.0,1.0,1.0,True,False
PXD030322,1,562,1,562,1,0,0,1.0,1.0,1.0,1.0,True,True
PXD030418,1,9606,1,9606,1,0,0,1.0,1.0,1.0,1.0,True,True
PXD030467,2,10090; 12939,2,10090; 9913,1,1,1,0.5,0.5,0.5,0.5,True,True
PXD030471,1,9606,1,9606,1,0,0,1.0,1.0,1.0,1.0,True,False
PXD030548,1,9606,1,9606,1,0,0,1.0,1.0,1.0,1.0,True,False
PXD030570,1,9606,2,10090; 9606,1,1,0,1.0,0.5,0.6666666666666666,0.75,True,True
PXD030715,1,9606,1,9606,1,0,0,1.0,1.0,1.0,1.0,True,False
PXD030730,1,9606,1,9606,1,0,0,1.0,1.0,1.0,1.0,True,False
PXD030749,1,9606,1,9606,1,0,0,1.0,1.0,1.0,1.0,True,True
PXD030752,1,9606,3,10090; 7227; 9606,1,2,0,1.0,0.3333333333333333,0.5,0.6666666666666666,True,True
PXD030823,1,562,1,562,1,0,0,1.0,1.0,1.0,1.0,True,False
PXD030847,1,3860,1,3702,0,1,1,0.0,0.0,0.0,0.0,True,False
PXD030879,1,9606,1,9606,1,0,0,1.0,1.0,1.0,1.0,True,True
PXD030883,2,1773; 9606,2,10090; 9606,1,1,1,0.5,0.5,0.5,0.5,True,False
PXD030927,1,9606,1,9606,1,0,0,1.0,1.0,1.0,1.0,True,False
PXD030929,2,476; 562,3,562; 818; 9606,1,2,1,0.5,0.3333333333333333,0.4,0.41666666666666663,True,True
PXD030937,1,9606,1,9606,1,0,0,1.0,1.0,1.0,1.0,True,False
PXD030973,2,2; 562,3,562; 9606; 9823,1,2,1,0.5,0.3333333333333333,0.4,0.41666666666666663,True,True
PXD030984,1,9606,1,9606,1,0,0,1.0,1.0,1.0,1.0,True,False
PXD031003,1,10090,2,562; 9913,0,2,1,0.0,0.0,0.0,0.0,True,False
PXD031064,1,9606,1,9606,1,0,0,1.0,1.0,1.0,1.0,True,False
PXD031082,1,9606,1,9606,1,0,0,1.0,1.0,1.0,1.0,True,True
PXD031089,1,562,1,7955,0,1,1,0.0,0.0,0.0,0.0,True,False
PXD031140,1,9606,2,562; 9606,1,1,0,1.0,0.5,0.6666666666666666,0.75,True,True
PXD031141,1,184922,1,9913,0,1,1,0.0,0.0,0.0,0.0,True,False
PXD031252,1,9606,1,9606,1,0,0,1.0,1.0,1.0,1.0,True,False
PXD031338,2,10116; 9606,2,9606; 9913,1,1,1,0.5,0.5,0.5,0.5,True,True
PXD031346,1,9606,1,9606,1,0,0,1.0,1.0,1.0,1.0,True,False
PXD031385,1,9606,1,9606,1,0,0,1.0,1.0,1.0,1.0,True,False
PXD031417,1,9606,1,9606,1,0,0,1.0,1.0,1.0,1.0,True,True
PXD031525,1,9606,1,9606,1,0,0,1.0,1.0,1.0,1.0,True,True
PXD031592,1,9606,1,9606,1,0,0,1.0,1.0,1.0,1.0,True,True
PXD031605,1,9606,2,10090; 9606,1,1,0,1.0,0.5,0.6666666666666666,0.75,True,True
PXD031623,1,235,1,562,0,1,1,0.0,0.0,0.0,0.0,True,False
PXD031683,1,9606,1,9606,1,0,0,1.0,1.0,1.0,1.0,True,True
PXD031703,1,562,1,562,1,0,0,1.0,1.0,1.0,1.0,True,False
PXD031772,1,9606,1,9606,1,0,0,1.0,1.0,1.0,1.0,True,False
PXD031801,1,10090,1,9606,0,1,1,0.0,0.0,0.0,0.0,True,False
PXD031803,1,3055,1,3055,1,0,0,1.0,1.0,1.0,1.0,True,False
PXD031825,1,9606,1,9606,1,0,0,1.0,1.0,1.0,1.0,True,True
PXD031827,1,9606,1,9606,1,0,0,1.0,1.0,1.0,1.0,True,True
PXD031873,1,6239,1,6239,1,0,0,1.0,1.0,1.0,1.0,True,False
PXD031877,1,3702,1,3702,1,0,0,1.0,1.0,1.0,1.0,True,True
PXD031934,1,10090,1,10090,1,0,0,1.0,1.0,1.0,1.0,True,True
PXD031971,1,9606,1,9606,1,0,0,1.0,1.0,1.0,1.0,True,False
PXD032027,1,9606,1,9606,1,0,0,1.0,1.0,1.0,1.0,True,False
PXD032035,1,9606,1,9606,1,0,0,1.0,1.0,1.0,1.0,True,False
PXD032063,1,4932,1,4932,1,0,0,1.0,1.0,1.0,1.0,True,True
PXD032077,1,10090,1,10090,1,0,0,1.0,1.0,1.0,1.0,True,False
PXD032086,1,9606,1,9606,1,0,0,1.0,1.0,1.0,1.0,True,False
PXD032139,1,10090,1,10090,1,0,0,1.0,1.0,1.0,1.0,True,False
PXD032144,1,9606,1,9606,1,0,0,1.0,1.0,1.0,1.0,True,False
PXD032145,1,9606,1,9606,1,0,0,1.0,1.0,1.0,1.0,True,True
PXD032154,1,9606,1,9606,1,0,0,1.0,1.0,1.0,1.0,False,True
PXD032195,1,3055,1,3055,1,0,0,1.0,1.0,1.0,1.0,True,True
PXD032209,1,9606,1,9606,1,0,0,1.0,1.0,1.0,1.0,True,False
PXD032216,1,10090,1,10090,1,0,0,1.0,1.0,1.0,1.0,True,True
PXD032238,1,9606,1,9606,1,0,0,1.0,1.0,1.0,1.0,True,True
PXD032257,1,9606,4,10090; 4932; 9606; 9823,1,3,0,1.0,0.25,0.4,0.625,True,False
PXD032302,1,9606,1,9606,1,0,0,1.0,1.0,1.0,1.0,True,True
PXD032360,2,10090; 383379,2,10090; 5811,1,1,1,0.5,0.5,0.5,0.5,True,False
PXD032375,2,316273; 3702,2,3702; 562,1,1,1,0.5,0.5,0.5,0.5,True,False
PXD032402,1,9606,1,9606,1,0,0,1.0,1.0,1.0,1.0,True,True
PXD032713,1,9606,1,9606,1,0,0,1.0,1.0,1.0,1.0,True,False
PXD032714,1,10116,1,10116,1,0,0,1.0,1.0,1.0,1.0,True,False
PXD032738,1,3728,1,3702,0,1,1,0.0,0.0,0.0,0.0,True,False
PXD032739,1,3728,1,3702,0,1,1,0.0,0.0,0.0,0.0,True,False
PXD032788,1,10090,1,10090,1,0,0,1.0,1.0,1.0,1.0,True,True
PXD032848,1,3702,1,3702,1,0,0,1.0,1.0,1.0,1.0,True,True
PXD032902,1,9606,1,9606,1,0,0,1.0,1.0,1.0,1.0,True,False
PXD032931,1,224308,1,562,0,1,1,0.0,0.0,0.0,0.0,True,False
PXD032938,1,562,2,4513; 562,1,1,0,1.0,0.5,0.6666666666666666,0.75,True,True
PXD033011,1,9606,1,9606,1,0,0,1.0,1.0,1.0,1.0,True,False
PXD033040,1,10116,1,10116,1,0,0,1.0,1.0,1.0,1.0,True,False
PXD033047,1,4113,1,4113,1,0,0,1.0,1.0,1.0,1.0,True,False
PXD033055,1,9606,1,9823,0,1,1,0.0,0.0,0.0,0.0,True,False
PXD033099,1,9606,1,9606,1,0,0,1.0,1.0,1.0,1.0,True,False
PXD033104,1,9606,1,9606,1,0,0,1.0,1.0,1.0,1.0,True,True
PXD033112,1,9606,1,9606,1,0,0,1.0,1.0,1.0,1.0,True,False
PXD033181,1,9606,3,10090; 4565; 9606,1,2,0,1.0,0.3333333333333333,0.5,0.6666666666666666,True,True
PXD033196,1,9606,1,9606,1,0,0,1.0,1.0,1.0,1.0,True,False
PXD033198,1,9606,1,9606,1,0,0,1.0,1.0,1.0,1.0,True,True
PXD033227,1,9606,1,9606,1,0,0,1.0,1.0,1.0,1.0,True,False
PXD033357,1,10090,1,10090,1,0,0,1.0,1.0,1.0,1.0,True,False
PXD033421,1,9606,1,9606,1,0,0,1.0,1.0,1.0,1.0,True,True
PXD033536,1,9606,1,9606,1,0,0,1.0,1.0,1.0,1.0,True,False
PXD033580,1,9606,1,9606,1,0,0,1.0,1.0,1.0,1.0,True,True
PXD033619,1,9606,4,10090; 4565; 9606; 9913,1,3,0,1.0,0.25,0.4,0.625,True,False
PXD033633,1,9606,2,10090; 9606,1,1,0,1.0,0.5,0.6666666666666666,0.75,True,True
PXD033645,1,9606,1,9606,1,0,0,1.0,1.0,1.0,1.0,True,True
PXD033678,1,9606,1,9606,1,0,0,1.0,1.0,1.0,1.0,True,True
PXD033694,1,9606,1,9606,1,0,0,1.0,1.0,1.0,1.0,True,False
PXD033839,1,9606,1,9606,1,0,0,1.0,1.0,1.0,1.0,True,False
PXD033840,1,9606,2,9606; 9913,1,1,0,1.0,0.5,0.6666666666666666,0.75,True,True
PXD033865,1,9606,2,562; 9606,1,1,0,1.0,0.5,0.6666666666666666,0.75,True,True
PXD033924,1,9606,1,9606,1,0,0,1.0,1.0,1.0,1.0,True,False
PXD033991,1,9606,1,9606,1,0,0,1.0,1.0,1.0,1.0,True,True
PXD034069,1,10090,1,10090,1,0,0,1.0,1.0,1.0,1.0,True,True
PXD034074,1,10090,1,10090,1,0,0,1.0,1.0,1.0,1.0,True,False
PXD034168,1,9606,1,9606,1,0,0,1.0,1.0,1.0,1.0,True,True
PXD034375,1,9606,1,9606,1,0,0,1.0,1.0,1.0,1.0,True,True
PXD034393,1,7227,1,9606,0,1,1,0.0,0.0,0.0,0.0,True,True
PXD034398,1,10090,1,10090,1,0,0,1.0,1.0,1.0,1.0,True,True
PXD034445,1,9606,1,9606,1,0,0,1.0,1.0,1.0,1.0,True,True
PXD034526,1,9606,1,9606,1,0,0,1.0,1.0,1.0,1.0,True,True
PXD034563,1,7227,2,562; 7227,1,1,0,1.0,0.5,0.6666666666666666,0.75,True,True
PXD034576,1,9606,1,9606,1,0,0,1.0,1.0,1.0,1.0,True,False
PXD034577,1,9606,2,1280; 9606,1,1,0,1.0,0.5,0.6666666666666666,0.75,True,True
PXD034583,1,9606,1,9606,1,0,0,1.0,1.0,1.0,1.0,True,False
PXD034594,1,10090,1,10090,1,0,0,1.0,1.0,1.0,1.0,True,False
PXD034652,1,9606,1,9606,1,0,0,1.0,1.0,1.0,1.0,True,True
PXD034865,1,4932,1,9606,0,1,1,0.0,0.0,0.0,0.0,True,False
PXD034871,1,9606,1,9606,1,0,0,1.0,1.0,1.0,1.0,True,True
PXD034893,2,562; 9606,2,7227; 9606,1,1,1,0.5,0.5,0.5,0.5,True,False
PXD035019,1,76126,2,9606; 9823,0,2,1,0.0,0.0,0.0,0.0,True,False
PXD035048,1,9606,1,9606,1,0,0,1.0,1.0,1.0,1.0,True,False
PXD035172,1,36329,2,5833; 9606,0,2,1,0.0,0.0,0.0,0.0,True,True
PXD035225,1,9606,1,10090,0,1,1,0.0,0.0,0.0,0.0,True,False
PXD035320,1,759272,1,9606,0,1,1,0.0,0.0,0.0,0.0,True,False
PXD035434,1,229533,1,9913,0,1,1,0.0,0.0,0.0,0.0,True,False
PXD035492,1,10090,1,10090,1,0,0,1.0,1.0,1.0,1.0,True,False
PXD035501,1,9606,1,9606,1,0,0,1.0,1.0,1.0,1.0,True,True
PXD035650,1,9606,1,9606,1,0,0,1.0,1.0,1.0,1.0,True,False
PXD035664,1,9606,3,10090; 9606; 9823,1,2,0,1.0,0.3333333333333333,0.5,0.6666666666666666,True,True
PXD035682,2,2; 4932,2,4932; 9796,1,1,1,0.5,0.5,0.5,0.5,True,True
PXD035683,1,9606,1,9606,1,0,0,1.0,1.0,1.0,1.0,True,False
PXD035700,1,9606,1,9606,1,0,0,1.0,1.0,1.0,1.0,True,False
PXD035704,1,9606,1,9606,1,0,0,1.0,1.0,1.0,1.0,True,False
PXD035715,1,9606,1,9606,1,0,0,1.0,1.0,1.0,1.0,True,True
PXD035722,1,9606,1,9606,1,0,0,1.0,1.0,1.0,1.0,True,False
PXD035767,1,9606,2,562; 9606,1,1,0,1.0,0.5,0.6666666666666666,0.75,True,True
PXD035806,1,10090,2,10090; 9606,1,1,0,1.0,0.5,0.6666666666666666,0.75,True,False
PXD035817,1,9606,2,10090; 9606,1,1,0,1.0,0.5,0.6666666666666666,0.75,True,True
PXD035819,1,4932,1,4932,1,0,0,1.0,1.0,1.0,1.0,True,False
PXD035839,1,9606,2,10090; 9606,1,1,0,1.0,0.5,0.6666666666666666,0.75,True,True
PXD035849,1,9606,2,562; 9606,1,1,0,1.0,0.5,0.6666666666666666,0.75,True,True
PXD035850,1,244366,2,562; 9606,0,2,1,0.0,0.0,0.0,0.0,True,False
PXD035934,1,9606,2,562; 9606,1,1,0,1.0,0.5,0.6666666666666666,0.75,True,True
PXD035980,1,9606,1,9606,1,0,0,1.0,1.0,1.0,1.0,True,True
PXD036005,1,4932,1,4932,1,0,0,1.0,1.0,1.0,1.0,True,False
PXD036007,1,7227,1,7227,1,0,0,1.0,1.0,1.0,1.0,True,False
PXD036119,1,9606,1,9606,1,0,0,1.0,1.0,1.0,1.0,True,False
PXD036192,1,9606,1,562,0,1,1,0.0,0.0,0.0,0.0,True,False
PXD036197,1,10090,1,10090,1,0,0,1.0,1.0,1.0,1.0,True,False
PXD036200,1,9606,1,562,0,1,1,0.0,0.0,0.0,0.0,True,False
PXD036201,1,9606,1,562,0,1,1,0.0,0.0,0.0,0.0,True,False
PXD036204,1,9606,1,9606,1,0,0,1.0,1.0,1.0,1.0,True,False
PXD036225,1,7159,1,7227,0,1,1,0.0,0.0,0.0,0.0,True,False
PXD036348,1,9606,1,9606,1,0,0,1.0,1.0,1.0,1.0,True,True
PXD036430,1,9606,1,9606,1,0,0,1.0,1.0,1.0,1.0,True,False
PXD036447,1,9606,2,10090; 9606,1,1,0,1.0,0.5,0.6666666666666666,0.75,True,True
PXD036510,1,9606,1,9606,1,0,0,1.0,1.0,1.0,1.0,True,False
PXD036575,1,9606,1,9606,1,0,0,1.0,1.0,1.0,1.0,True,False
PXD036626,1,3702,1,3702,1,0,0,1.0,1.0,1.0,1.0,True,True
PXD036634,1,9606,1,10090,0,1,1,0.0,0.0,0.0,0.0,True,False
PXD036675,1,9606,1,9606,1,0,0,1.0,1.0,1.0,1.0,True,False
PXD036708,1,9606,1,9606,1,0,0,1.0,1.0,1.0,1.0,True,False
PXD036774,1,9606,2,9606; 9913,1,1,0,1.0,0.5,0.6666666666666666,0.75,True,True
PXD036779,1,9606,1,9606,1,0,0,1.0,1.0,1.0,1.0,True,False
PXD036877,2,2254; 2594798,3,2246; 9606; 9823,0,3,2,0.0,0.0,0.0,0.0,True,False
PXD036920,1,9606,1,9606,1,0,0,1.0,1.0,1.0,1.0,True,False
PXD036966,1,10090,1,10090,1,0,0,1.0,1.0,1.0,1.0,True,False
PXD036973,1,9606,1,9606,1,0,0,1.0,1.0,1.0,1.0,True,False
PXD036975,1,9606,1,9606,1,0,0,1.0,1.0,1.0,1.0,True,False
PXD037001,1,9606,1,9606,1,0,0,1.0,1.0,1.0,1.0,True,False
PXD037003,1,10090,1,10090,1,0,0,1.0,1.0,1.0,1.0,True,True
PXD037034,43,10036; 10090; 10116; 10117; 1280; 1351; 2242; 31646; 3347; 3708; 3715; 3827; 3888; 3988; 4097; 4113; 4146; 44689; 4513; 4530; 4932; 5476; 562; 59729; 6239; 7091; 7227; 7634; 7955; 79698; 7998; 8049; 85963; 8801; 9031; 9534; 9544; 9598; 9600; 9606; 9796; 9825; 9913,26,10090; 10116; 105841; 1280; 1492; 1590; 3055; 3702; 4530; 4565; 4932; 5476; 562; 5691; 5833; 5850; 6239; 7227; 7955; 818; 8355; 9031; 9606; 9796; 9823; 9913,14,12,29,0.32558139534883723,0.5384615384615384,0.4057971014492754,0.43202146690518783,True,True
PXD037042,1,9606,1,9606,1,0,0,1.0,1.0,1.0,1.0,True,True
PXD037103,1,1043002,1,5476,0,1,1,0.0,0.0,0.0,0.0,True,False
PXD037186,1,9913,1,9913,1,0,0,1.0,1.0,1.0,1.0,True,True
PXD037262,1,9606,1,9606,1,0,0,1.0,1.0,1.0,1.0,True,True
PXD037272,1,9606,1,9606,1,0,0,1.0,1.0,1.0,1.0,True,False
PXD037292,1,9606,1,9606,1,0,0,1.0,1.0,1.0,1.0,True,True
PXD037312,1,9606,1,9606,1,0,0,1.0,1.0,1.0,1.0,True,True
PXD037317,1,9606,1,9606,1,0,0,1.0,1.0,1.0,1.0,True,False
PXD037492,2,4932; 9913,3,4932; 9606; 9913,2,1,0,1.0,0.6666666666666666,0.8,0.8333333333333333,True,False
PXD037493,1,9606,1,9606,1,0,0,1.0,1.0,1.0,1.0,True,True
PXD037562,1,4932,1,4932,1,0,0,1.0,1.0,1.0,1.0,True,True
PXD037663,1,9606,1,9606,1,0,0,1.0,1.0,1.0,1.0,True,False
PXD037680,1,10090,1,10090,1,0,0,1.0,1.0,1.0,1.0,True,False
PXD037703,1,9606,1,9606,1,0,0,1.0,1.0,1.0,1.0,True,True
PXD037709,1,4565,1,4565,1,0,0,1.0,1.0,1.0,1.0,True,True
PXD037729,1,9606,1,9606,1,0,0,1.0,1.0,1.0,1.0,True,True
PXD037838,1,9606,2,10090; 9606,1,1,0,1.0,0.5,0.6666666666666666,0.75,True,False
PXD037907,1,9606,1,562,0,1,1,0.0,0.0,0.0,0.0,True,False
PXD037955,1,9534,1,9606,0,1,1,0.0,0.0,0.0,0.0,True,False
PXD037990,1,9606,1,9606,1,0,0,1.0,1.0,1.0,1.0,True,False
PXD038067,1,9606,1,9606,1,0,0,1.0,1.0,1.0,1.0,True,True
PXD038106,1,9913,1,9913,1,0,0,1.0,1.0,1.0,1.0,True,True
PXD038108,1,10090,1,10090,1,0,0,1.0,1.0,1.0,1.0,True,False
PXD038109,1,10090,1,10090,1,0,0,1.0,1.0,1.0,1.0,True,False
PXD038116,1,3702,2,3702; 562,1,1,0,1.0,0.5,0.6666666666666666,0.75,True,True
PXD038126,1,3702,1,3702,1,0,0,1.0,1.0,1.0,1.0,True,False
PXD038281,1,9606,2,562; 9606,1,1,0,1.0,0.5,0.6666666666666666,0.75,True,True
PXD038287,1,10090,1,10090,1,0,0,1.0,1.0,1.0,1.0,True,True
PXD038302,1,9606,1,9606,1,0,0,1.0,1.0,1.0,1.0,True,False
PXD038309,1,9606,1,9606,1,0,0,1.0,1.0,1.0,1.0,True,True
PXD038392,1,10090,2,10090; 9606,1,1,0,1.0,0.5,0.6666666666666666,0.75,True,True
PXD038653,1,9606,3,10090; 562; 9606,1,2,0,1.0,0.3333333333333333,0.5,0.6666666666666666,True,True
PXD038660,1,10090,1,10090,1,0,0,1.0,1.0,1.0,1.0,True,True
PXD038767,1,7227,1,7227,1,0,0,1.0,1.0,1.0,1.0,False,True
PXD038818,1,9606,1,9606,1,0,0,1.0,1.0,1.0,1.0,True,False
PXD038943,1,9606,1,9606,1,0,0,1.0,1.0,1.0,1.0,True,False
PXD039007,1,9606,1,9606,1,0,0,1.0,1.0,1.0,1.0,True,True
PXD039025,1,29760,1,7227,0,1,1,0.0,0.0,0.0,0.0,True,False
PXD039035,1,10090,1,10090,1,0,0,1.0,1.0,1.0,1.0,True,False
PXD039053,1,9606,1,9606,1,0,0,1.0,1.0,1.0,1.0,True,False
PXD039072,1,9606,1,9606,1,0,0,1.0,1.0,1.0,1.0,True,True
PXD039226,1,10090,1,10090,1,0,0,1.0,1.0,1.0,1.0,True,False
PXD039266,1,1645733,1,9606,0,1,1,0.0,0.0,0.0,0.0,True,False
PXD039267,1,1645733,1,9606,0,1,1,0.0,0.0,0.0,0.0,True,False
PXD039300,1,10090,2,10090; 9606,1,1,0,1.0,0.5,0.6666666666666666,0.75,True,True
PXD039327,1,10090,1,9606,0,1,1,0.0,0.0,0.0,0.0,True,False
PXD039332,1,9606,1,9606,1,0,0,1.0,1.0,1.0,1.0,True,False
PXD039388,1,10090,1,10090,1,0,0,1.0,1.0,1.0,1.0,True,True
PXD039394,1,9606,1,9606,1,0,0,1.0,1.0,1.0,1.0,True,False
PXD039401,1,9606,1,9606,1,0,0,1.0,1.0,1.0,1.0,True,False
PXD039437,1,9606,1,9606,1,0,0,1.0,1.0,1.0,1.0,True,True
PXD039464,1,9606,1,9606,1,0,0,1.0,1.0,1.0,1.0,True,True
PXD039517,1,9606,1,9606,1,0,0,1.0,1.0,1.0,1.0,True,False
PXD039518,1,9606,1,9606,1,0,0,1.0,1.0,1.0,1.0,True,False
PXD039654,1,9606,1,9606,1,0,0,1.0,1.0,1.0,1.0,True,False
PXD039780,1,9606,1,9606,1,0,0,1.0,1.0,1.0,1.0,True,False
PXD039834,1,9606,2,9606; 9913,1,1,0,1.0,0.5,0.6666666666666666,0.75,True,True
PXD039835,1,9606,2,9606; 9913,1,1,0,1.0,0.5,0.6666666666666666,0.75,True,True
PXD039849,1,4932,1,4932,1,0,0,1.0,1.0,1.0,1.0,True,False
PXD039939,1,9606,1,562,0,1,1,0.0,0.0,0.0,0.0,True,False
PXD039956,1,9606,1,9606,1,0,0,1.0,1.0,1.0,1.0,True,True
PXD039998,1,9606,1,9913,0,1,1,0.0,0.0,0.0,0.0,True,False
PXD040101,1,9606,1,9606,1,0,0,1.0,1.0,1.0,1.0,True,True
PXD040174,3,2665958; 4932; 9606,6,10116; 4932; 9606; 9823; 9913; 9986,2,4,1,0.6666666666666666,0.3333333333333333,0.4444444444444444,0.5,True,True
PXD040180,1,4097,1,4097,1,0,0,1.0,1.0,1.0,1.0,True,False
PXD040187,1,10090,1,10090,1,0,0,1.0,1.0,1.0,1.0,True,False
PXD040200,1,9606,1,9606,1,0,0,1.0,1.0,1.0,1.0,True,True
PXD040208,1,9606,1,9606,1,0,0,1.0,1.0,1.0,1.0,True,False
PXD040218,1,9606,1,9606,1,0,0,1.0,1.0,1.0,1.0,True,True
PXD040273,2,1417997; 2,3,6239; 7227; 9606,0,3,2,0.0,0.0,0.0,0.0,True,False
PXD040446,1,10116,1,10116,1,0,0,1.0,1.0,1.0,1.0,True,True
PXD040466,1,9606,1,9606,1,0,0,1.0,1.0,1.0,1.0,True,True
PXD040492,1,9606,1,9606,1,0,0,1.0,1.0,1.0,1.0,True,True
PXD040732,1,9606,1,9606,1,0,0,1.0,1.0,1.0,1.0,True,True
PXD040733,1,9606,1,9606,1,0,0,1.0,1.0,1.0,1.0,True,True
PXD040772,1,9606,1,9606,1,0,0,1.0,1.0,1.0,1.0,True,False
PXD040806,1,9606,1,9606,1,0,0,1.0,1.0,1.0,1.0,True,True
PXD040899,1,10090,1,10090,1,0,0,1.0,1.0,1.0,1.0,True,False
PXD040942,1,9606,1,9606,1,0,0,1.0,1.0,1.0,1.0,True,False
PXD040945,1,10090,2,10090; 9913,1,1,0,1.0,0.5,0.6666666666666666,0.75,True,False
PXD041043,1,9606,1,9606,1,0,0,1.0,1.0,1.0,1.0,True,True
PXD041051,1,10090,1,10090,1,0,0,1.0,1.0,1.0,1.0,True,False
PXD041070,2,10090; 562,3,10090; 562; 9913,2,1,0,1.0,0.6666666666666666,0.8,0.8333333333333333,True,True
PXD041082,1,6447,1,9606,0,1,1,0.0,0.0,0.0,0.0,True,False
PXD041125,1,9606,1,9606,1,0,0,1.0,1.0,1.0,1.0,True,True
PXD041237,1,6239,1,6239,1,0,0,1.0,1.0,1.0,1.0,True,True
PXD041335,1,562,1,562,1,0,0,1.0,1.0,1.0,1.0,True,True
PXD041372,1,10090,2,10090; 9606,1,1,0,1.0,0.5,0.6666666666666666,0.75,True,True
PXD041466,1,7227,1,7227,1,0,0,1.0,1.0,1.0,1.0,True,True
PXD041469,1,4097,1,3702,0,1,1,0.0,0.0,0.0,0.0,True,False
PXD041514,1,9606,1,9606,1,0,0,1.0,1.0,1.0,1.0,True,False
PXD041516,1,375939,1,6239,0,1,1,0.0,0.0,0.0,0.0,True,False
PXD041547,1,10090,2,10090; 10116,1,1,0,1.0,0.5,0.6666666666666666,0.75,True,False
PXD041561,1,1396,1,1396,1,0,0,1.0,1.0,1.0,1.0,True,False
PXD041633,1,10090,1,10090,1,0,0,1.0,1.0,1.0,1.0,True,True
PXD041635,1,10090,1,10090,1,0,0,1.0,1.0,1.0,1.0,True,True
PXD041693,2,1351; 529507,5,1280; 1492; 1590; 562; 818,0,5,2,0.0,0.0,0.0,0.0,True,False
PXD041739,1,9606,1,9606,1,0,0,1.0,1.0,1.0,1.0,True,True
PXD041775,1,9606,1,9606,1,0,0,1.0,1.0,1.0,1.0,True,False
PXD041782,1,9606,1,9606,1,0,0,1.0,1.0,1.0,1.0,True,False
PXD041814,1,9606,1,562,0,1,1,0.0,0.0,0.0,0.0,True,False
PXD041996,1,3702,1,3702,1,0,0,1.0,1.0,1.0,1.0,True,True
PXD042008,1,9606,1,9606,1,0,0,1.0,1.0,1.0,1.0,True,True
PXD042010,1,4932,1,4932,1,0,0,1.0,1.0,1.0,1.0,True,True
PXD042152,1,9606,1,9606,1,0,0,1.0,1.0,1.0,1.0,True,True
PXD042210,1,9606,1,9606,1,0,0,1.0,1.0,1.0,1.0,True,True
PXD042397,1,9606,1,9606,1,0,0,1.0,1.0,1.0,1.0,True,False
PXD042438,1,9606,1,9606,1,0,0,1.0,1.0,1.0,1.0,True,True
PXD042452,1,10090,1,10090,1,0,0,1.0,1.0,1.0,1.0,True,True
PXD042453,1,10090,1,10090,1,0,0,1.0,1.0,1.0,1.0,True,False
PXD042535,1,9796,2,9606; 9796,1,1,0,1.0,0.5,0.6666666666666666,0.75,True,True
PXD042584,2,7108; 9606,2,7227; 9823,0,2,2,0.0,0.0,0.0,0.0,True,False
PXD042823,1,9606,1,9606,1,0,0,1.0,1.0,1.0,1.0,True,True
PXD042908,1,9606,1,9606,1,0,0,1.0,1.0,1.0,1.0,True,True
PXD042914,1,9606,1,9606,1,0,0,1.0,1.0,1.0,1.0,True,False
PXD042983,1,9606,1,9606,1,0,0,1.0,1.0,1.0,1.0,True,True
PXD043031,1,9606,2,9606; 9913,1,1,0,1.0,0.5,0.6666666666666666,0.75,True,True
PXD043041,1,3702,1,3702,1,0,0,1.0,1.0,1.0,1.0,True,True
PXD043087,1,9606,1,9606,1,0,0,1.0,1.0,1.0,1.0,True,False
PXD043100,1,6239,1,6239,1,0,0,1.0,1.0,1.0,1.0,True,True
PXD043144,1,9606,1,9606,1,0,0,1.0,1.0,1.0,1.0,True,False
PXD043212,1,9606,1,9606,1,0,0,1.0,1.0,1.0,1.0,True,False
PXD043233,1,9606,1,562,0,1,1,0.0,0.0,0.0,0.0,True,False
PXD043245,1,9606,1,9606,1,0,0,1.0,1.0,1.0,1.0,True,False
PXD043273,1,9606,1,9606,1,0,0,1.0,1.0,1.0,1.0,True,True
PXD043494,2,10090; 9606,2,10090; 9606,2,0,0,1.0,1.0,1.0,1.0,True,False
PXD043500,1,9606,1,562,0,1,1,0.0,0.0,0.0,0.0,True,False
PXD043535,1,9606,1,9606,1,0,0,1.0,1.0,1.0,1.0,True,False
PXD043558,1,9606,1,9606,1,0,0,1.0,1.0,1.0,1.0,True,False
PXD043637,1,9606,2,10090; 9606,1,1,0,1.0,0.5,0.6666666666666666,0.75,True,True
PXD043674,1,9606,1,9606,1,0,0,1.0,1.0,1.0,1.0,True,False
PXD043675,1,6446,2,9606; NCBI taxonomy ID 6446,0,2,1,0.0,0.0,0.0,0.0,True,True
PXD043802,1,9606,2,562; 9606,1,1,0,1.0,0.5,0.6666666666666666,0.75,True,True
PXD043900,1,1423,2,224308; 9606,0,2,1,0.0,0.0,0.0,0.0,True,True
PXD043924,1,508771,1,5811,0,1,1,0.0,0.0,0.0,0.0,True,False
PXD043994,1,508771,2,5811; 9606,0,2,1,0.0,0.0,0.0,0.0,True,True
PXD044015,1,9606,1,9606,1,0,0,1.0,1.0,1.0,1.0,True,True
PXD044029,1,9606,1,9913,0,1,1,0.0,0.0,0.0,0.0,True,False
PXD044147,1,9606,2,9606; 9913,1,1,0,1.0,0.5,0.6666666666666666,0.75,True,True
PXD044161,1,10090,2,10090; 9606,1,1,0,1.0,0.5,0.6666666666666666,0.75,True,True
PXD044188,1,9606,1,9606,1,0,0,1.0,1.0,1.0,1.0,True,False
PXD044196,1,9606,1,9606,1,0,0,1.0,1.0,1.0,1.0,True,True
PXD044242,1,67593,2,10090; 9606,0,2,1,0.0,0.0,0.0,0.0,True,False
PXD044253,1,10090,1,10090,1,0,0,1.0,1.0,1.0,1.0,True,False
PXD044254,1,10090,1,10090,1,0,0,1.0,1.0,1.0,1.0,True,False
PXD044305,1,429431,1,562,0,1,1,0.0,0.0,0.0,0.0,True,False
PXD044411,1,9031,1,9031,1,0,0,1.0,1.0,1.0,1.0,True,False
PXD044430,1,9606,1,9606,1,0,0,1.0,1.0,1.0,1.0,True,False
PXD044519,1,9606,1,9606,1,0,0,1.0,1.0,1.0,1.0,True,True
PXD044548,1,9606,1,9606,1,0,0,1.0,1.0,1.0,1.0,True,True
PXD044592,1,508771,1,9606,0,1,1,0.0,0.0,0.0,0.0,True,False
PXD044629,1,9606,2,9606; 9913,1,1,0,1.0,0.5,0.6666666666666666,0.75,True,True
PXD044633,1,7227,1,7227,1,0,0,1.0,1.0,1.0,1.0,True,False
PXD044638,1,36036,2,4932; 5476,0,2,1,0.0,0.0,0.0,0.0,True,False
PXD044720,1,36036,1,5476,0,1,1,0.0,0.0,0.0,0.0,True,False
PXD044729,1,36036,1,5476,0,1,1,0.0,0.0,0.0,0.0,True,False
PXD044742,1,36036,1,5476,0,1,1,0.0,0.0,0.0,0.0,True,False
PXD044743,1,9606,1,9796,0,1,1,0.0,0.0,0.0,0.0,True,False
PXD044750,1,10116,1,562,0,1,1,0.0,0.0,0.0,0.0,True,False
PXD044759,1,82569,1,562,0,1,1,0.0,0.0,0.0,0.0,True,False
PXD044760,1,9606,1,9606,1,0,0,1.0,1.0,1.0,1.0,True,False
PXD044763,1,36036,1,5476,0,1,1,0.0,0.0,0.0,0.0,True,False
PXD044767,1,9606,1,9606,1,0,0,1.0,1.0,1.0,1.0,True,False
PXD044772,1,36036,2,4932; 5476,0,2,1,0.0,0.0,0.0,0.0,True,False
PXD044785,1,36036,2,4932; 5476,0,2,1,0.0,0.0,0.0,0.0,True,False
PXD044786,1,36036,2,4932; 5476,0,2,1,0.0,0.0,0.0,0.0,True,False
PXD044788,1,36036,1,5476,0,1,1,0.0,0.0,0.0,0.0,True,False
PXD044817,1,9606,1,9606,1,0,0,1.0,1.0,1.0,1.0,True,False
PXD044853,1,5763,1,562,0,1,1,0.0,0.0,0.0,0.0,True,False
PXD044860,1,9606,1,9606,1,0,0,1.0,1.0,1.0,1.0,True,False
PXD044863,1,9606,1,9606,1,0,0,1.0,1.0,1.0,1.0,True,False
PXD045079,1,9913,1,9913,1,0,0,1.0,1.0,1.0,1.0,True,False
PXD045249,1,208964,2,287; 562,0,2,1,0.0,0.0,0.0,0.0,True,True
PXD045404,1,9606,1,9606,1,0,0,1.0,1.0,1.0,1.0,True,False
PXD045457,1,9606,1,9606,1,0,0,1.0,1.0,1.0,1.0,True,True
PXD045473,1,10090,1,10090,1,0,0,1.0,1.0,1.0,1.0,True,False
PXD045513,1,4932,1,4932,1,0,0,1.0,1.0,1.0,1.0,True,False
PXD045526,1,9606,1,9606,1,0,0,1.0,1.0,1.0,1.0,True,True
PXD045654,1,9606,1,9606,1,0,0,1.0,1.0,1.0,1.0,True,True
PXD045667,1,10090,1,10090,1,0,0,1.0,1.0,1.0,1.0,True,True
PXD045695,1,9606,1,9606,1,0,0,1.0,1.0,1.0,1.0,True,False
PXD045793,1,119856,1,562,0,1,1,0.0,0.0,0.0,0.0,True,False
PXD045839,1,9606,1,9606,1,0,0,1.0,1.0,1.0,1.0,True,False
PXD046076,1,1280,2,1280; 9606,1,1,0,1.0,0.5,0.6666666666666666,0.75,True,True
PXD046083,1,5811,1,10090,0,1,1,0.0,0.0,0.0,0.0,True,False
PXD046139,1,9606,2,10090; 9606,1,1,0,1.0,0.5,0.6666666666666666,0.75,True,True
PXD046217,1,1500961,1,7955,0,1,1,0.0,0.0,0.0,0.0,True,False
PXD046363,1,10090,2,10090; 562,1,1,0,1.0,0.5,0.6666666666666666,0.75,True,True
PXD046392,1,562,1,562,1,0,0,1.0,1.0,1.0,1.0,True,True
PXD046523,1,9606,1,9606,1,0,0,1.0,1.0,1.0,1.0,True,True
PXD046708,1,9606,1,9606,1,0,0,1.0,1.0,1.0,1.0,True,True
PXD046760,1,10090,1,10090,1,0,0,1.0,1.0,1.0,1.0,True,False
PXD046785,1,10090,1,10090,1,0,0,1.0,1.0,1.0,1.0,True,True
PXD046945,1,9606,2,562; 9606,1,1,0,1.0,0.5,0.6666666666666666,0.75,True,True
PXD046958,1,10090,1,10090,1,0,0,1.0,1.0,1.0,1.0,True,True
PXD046990,1,9606,2,562; 9606,1,1,0,1.0,0.5,0.6666666666666666,0.75,True,True
PXD047057,1,10090,1,10090,1,0,0,1.0,1.0,1.0,1.0,True,False
PXD047066,1,9606,1,9606,1,0,0,1.0,1.0,1.0,1.0,True,False
PXD047152,1,498217,1,562,0,1,1,0.0,0.0,0.0,0.0,True,False
PXD047157,1,9606,1,9606,1,0,0,1.0,1.0,1.0,1.0,True,True
PXD047216,1,10090,1,10090,1,0,0,1.0,1.0,1.0,1.0,True,False
PXD047320,1,9606,1,9606,1,0,0,1.0,1.0,1.0,1.0,True,False
PXD047327,1,9606,2,9606; 9913,1,1,0,1.0,0.5,0.6666666666666666,0.75,True,False
PXD047367,1,10090,1,10090,1,0,0,1.0,1.0,1.0,1.0,True,False
PXD047407,1,10090,1,10090,1,0,0,1.0,1.0,1.0,1.0,True,False
PXD047527,1,9606,1,9606,1,0,0,1.0,1.0,1.0,1.0,True,False
PXD047547,1,9606,1,9606,1,0,0,1.0,1.0,1.0,1.0,True,False
PXD047698,1,10090,3,10090; 562; 9606,1,2,0,1.0,0.3333333333333333,0.5,0.6666666666666666,True,True
PXD047753,1,9606,1,9606,1,0,0,1.0,1.0,1.0,1.0,True,True
PXD047758,1,9606,1,9606,1,0,0,1.0,1.0,1.0,1.0,True,False
PXD047820,2,10090; 9606,2,10090; 9606,2,0,0,1.0,1.0,1.0,1.0,True,True
PXD047834,1,9606,1,9606,1,0,0,1.0,1.0,1.0,1.0,True,False
PXD047892,1,9825,1,9823,0,1,1,0.0,0.0,0.0,0.0,True,True
PXD047897,1,9606,1,9606,1,0,0,1.0,1.0,1.0,1.0,True,True
PXD047910,1,9606,1,9606,1,0,0,1.0,1.0,1.0,1.0,True,False
PXD048082,1,4932,1,4932,1,0,0,1.0,1.0,1.0,1.0,True,True
PXD048362,1,40483,2,4932; 9606,0,2,1,0.0,0.0,0.0,0.0,True,False
PXD048380,1,4932,1,4932,1,0,0,1.0,1.0,1.0,1.0,True,True
PXD048381,1,9913,1,9913,1,0,0,1.0,1.0,1.0,1.0,True,False
PXD048451,1,9606,1,9606,1,0,0,1.0,1.0,1.0,1.0,True,False
PXD048476,1,8355,1,8355,1,0,0,1.0,1.0,1.0,1.0,True,True
PXD048694,1,9606,1,9606,1,0,0,1.0,1.0,1.0,1.0,True,False
PXD048710,1,9606,1,9606,1,0,0,1.0,1.0,1.0,1.0,True,True
PXD048727,1,9606,1,9606,1,0,0,1.0,1.0,1.0,1.0,True,True
PXD048763,1,157592,1,157592,1,0,0,1.0,1.0,1.0,1.0,True,False
PXD048810,3,436486; 9103; 9913,6,562; 9031; 9606; 9796; 9823; 9913,1,5,2,0.3333333333333333,0.16666666666666666,0.2222222222222222,0.25,True,False
PXD048846,1,9606,2,10090; 9606,1,1,0,1.0,0.5,0.6666666666666666,0.75,True,True
PXD048977,1,9606,2,9606; 9913,1,1,0,1.0,0.5,0.6666666666666666,0.75,True,True
PXD049029,1,5888,1,9606,0,1,1,0.0,0.0,0.0,0.0,True,False
PXD049188,1,9606,2,7227; 9606,1,1,0,1.0,0.5,0.6666666666666666,0.75,True,True
PXD049224,1,10090,1,10090,1,0,0,1.0,1.0,1.0,1.0,True,True
PXD049246,1,9606,1,9606,1,0,0,1.0,1.0,1.0,1.0,True,True
PXD049387,1,9606,1,9606,1,0,0,1.0,1.0,1.0,1.0,True,False
PXD049688,1,9606,1,9606,1,0,0,1.0,1.0,1.0,1.0,True,True
PXD049693,2,6100; 9606,4,9606; 9796; 9823; 9913,1,3,1,0.5,0.25,0.3333333333333333,0.375,True,False
PXD050009,2,9534; 9606,2,9606; 9913,1,1,1,0.5,0.5,0.5,0.5,True,False
PXD050085,1,9606,1,9606,1,0,0,1.0,1.0,1.0,1.0,True,False
PXD050135,1,10090,1,10090,1,0,0,1.0,1.0,1.0,1.0,True,True
PXD050190,1,10036,2,10090; 562,0,2,1,0.0,0.0,0.0,0.0,True,True
PXD050193,1,381666,2,562; 9606,0,2,1,0.0,0.0,0.0,0.0,True,False
PXD050244,1,9606,1,9913,0,1,1,0.0,0.0,0.0,0.0,True,False
PXD050353,8,1004879; 12968; 165179; 204516; 290055; 817; 853; 95340,10,105841; 1492; 1547; 1590; 33035; 4565; 562; 818; 9606; 9913,0,10,8,0.0,0.0,0.0,0.0,True,False
PXD050371,1,9606,2,10090; 9606,1,1,0,1.0,0.5,0.6666666666666666,0.75,True,True
PXD050400,1,9606,1,9606,1,0,0,1.0,1.0,1.0,1.0,True,False
PXD050530,2,9606; 9825,3,1280; 818; 9606,1,2,1,0.5,0.3333333333333333,0.4,0.41666666666666663,True,True
PXD050603,1,9606,1,10090,0,1,1,0.0,0.0,0.0,0.0,True,False
PXD050619,1,9606,1,9606,1,0,0,1.0,1.0,1.0,1.0,True,True
PXD050622,1,9606,1,9606,1,0,0,1.0,1.0,1.0,1.0,True,False
PXD050648,1,9606,1,9606,1,0,0,1.0,1.0,1.0,1.0,True,True
PXD050745,1,9925,1,9925,1,0,0,1.0,1.0,1.0,1.0,True,False
PXD050802,1,10090,1,10090,1,0,0,1.0,1.0,1.0,1.0,True,True
PXD050948,2,10116; 9606,4,10116; 562; 9031; 9606,2,2,0,1.0,0.5,0.6666666666666666,0.75,True,True
PXD050978,1,9606,1,9606,1,0,0,1.0,1.0,1.0,1.0,True,False
PXD051084,1,8364,2,8355; 8364,1,1,0,1.0,0.5,0.6666666666666666,0.75,True,True
PXD051183,1,562,1,562,1,0,0,1.0,1.0,1.0,1.0,True,False
PXD051186,2,1548728; 2847306,3,562; 6239; 7227,0,3,2,0.0,0.0,0.0,0.0,True,False
PXD051237,1,9606,1,9606,1,0,0,1.0,1.0,1.0,1.0,True,True
PXD051316,1,9606,1,9606,1,0,0,1.0,1.0,1.0,1.0,True,True
PXD051361,1,9606,1,9606,1,0,0,1.0,1.0,1.0,1.0,True,True
PXD051371,1,10090,1,10090,1,0,0,1.0,1.0,1.0,1.0,True,False
PXD051470,1,10090,1,10090,1,0,0,1.0,1.0,1.0,1.0,True,True
PXD051495,1,5811,3,10090; 5811; 9606,1,2,0,1.0,0.3333333333333333,0.5,0.6666666666666666,True,True
PXD051529,2,10090; 9606,3,10090; 9606; 9823,2,1,0,1.0,0.6666666666666666,0.8,0.8333333333333333,True,True
PXD051592,1,9606,1,9606,1,0,0,1.0,1.0,1.0,1.0,True,False
PXD051842,1,9606,1,9606,1,0,0,1.0,1.0,1.0,1.0,True,True
PXD051952,1,9913,1,9913,1,0,0,1.0,1.0,1.0,1.0,True,True
PXD051954,1,9606,1,9606,1,0,0,1.0,1.0,1.0,1.0,True,False
PXD052123,1,10090,2,10090; 9913,1,1,0,1.0,0.5,0.6666666666666666,0.75,True,True
PXD052173,1,9606,1,9606,1,0,0,1.0,1.0,1.0,1.0,True,True
PXD052178,1,562,1,562,1,0,0,1.0,1.0,1.0,1.0,True,False
PXD052180,1,9606,1,9606,1,0,0,1.0,1.0,1.0,1.0,True,False
PXD052182,1,9606,1,9606,1,0,0,1.0,1.0,1.0,1.0,True,False
PXD052214,1,10090,1,10090,1,0,0,1.0,1.0,1.0,1.0,True,False
PXD052286,1,1280,1,1280,1,0,0,1.0,1.0,1.0,1.0,True,False
PXD052318,1,9606,1,9606,1,0,0,1.0,1.0,1.0,1.0,True,True
PXD052372,1,9606,1,9606,1,0,0,1.0,1.0,1.0,1.0,True,True
PXD052470,1,9940,2,9913; 9940,1,1,0,1.0,0.5,0.6666666666666666,0.75,True,True
PXD052529,1,9606,1,9606,1,0,0,1.0,1.0,1.0,1.0,True,False
PXD052540,1,9606,2,562; 9606,1,1,0,1.0,0.5,0.6666666666666666,0.75,True,True
PXD052694,1,10090,1,10090,1,0,0,1.0,1.0,1.0,1.0,True,False
PXD052755,1,9606,1,9606,1,0,0,1.0,1.0,1.0,1.0,True,True
PXD052771,1,9606,1,9606,1,0,0,1.0,1.0,1.0,1.0,True,True
PXD052783,1,9606,1,9606,1,0,0,1.0,1.0,1.0,1.0,True,True
PXD052827,1,9606,1,9606,1,0,0,1.0,1.0,1.0,1.0,True,True
PXD052875,1,9606,1,9606,1,0,0,1.0,1.0,1.0,1.0,True,True
PXD052900,1,41311,1,7227,0,1,1,0.0,0.0,0.0,0.0,True,False
PXD052936,1,83332,3,10116; 1773; 9606,0,3,1,0.0,0.0,0.0,0.0,True,True
PXD052946,1,7227,1,7227,1,0,0,1.0,1.0,1.0,1.0,True,False
PXD053014,1,10090,2,10090; 9913,1,1,0,1.0,0.5,0.6666666666666666,0.75,True,True
PXD053080,1,9606,1,9606,1,0,0,1.0,1.0,1.0,1.0,True,True
PXD053091,1,9606,1,9606,1,0,0,1.0,1.0,1.0,1.0,True,False
PXD053103,1,2287,1,9606,0,1,1,0.0,0.0,0.0,0.0,True,False
PXD053116,1,9606,1,9606,1,0,0,1.0,1.0,1.0,1.0,True,True
PXD053260,1,4932,1,4932,1,0,0,1.0,1.0,1.0,1.0,True,False
PXD053289,1,9606,1,9606,1,0,0,1.0,1.0,1.0,1.0,True,False
PXD053310,1,9606,1,9606,1,0,0,1.0,1.0,1.0,1.0,True,True
PXD053353,1,9606,1,10090,0,1,1,0.0,0.0,0.0,0.0,True,False
PXD053390,1,9606,1,9606,1,0,0,1.0,1.0,1.0,1.0,True,False
PXD053542,1,10090,1,10090,1,0,0,1.0,1.0,1.0,1.0,True,True
PXD053899,1,181088,3,562; 9606; 9913,0,3,1,0.0,0.0,0.0,0.0,True,False
PXD053919,1,9606,1,10090,0,1,1,0.0,0.0,0.0,0.0,True,False
PXD053944,1,5811,2,5811; 9606,1,1,0,1.0,0.5,0.6666666666666666,0.75,True,True
PXD054007,1,4081,2,4081; 562,1,1,0,1.0,0.5,0.6666666666666666,0.75,True,True
PXD054113,1,9606,1,9606,1,0,0,1.0,1.0,1.0,1.0,True,False
PXD054146,1,9606,1,9606,1,0,0,1.0,1.0,1.0,1.0,True,True
PXD054249,1,9606,1,9606,1,0,0,1.0,1.0,1.0,1.0,True,False
PXD054439,1,5741,1,5741,1,0,0,1.0,1.0,1.0,1.0,True,False
PXD054475,1,3702,1,3702,1,0,0,1.0,1.0,1.0,1.0,True,False
PXD054530,1,3702,1,3702,1,0,0,1.0,1.0,1.0,1.0,True,False
PXD054538,1,562,1,562,1,0,0,1.0,1.0,1.0,1.0,True,True
PXD054629,1,10090,1,10090,1,0,0,1.0,1.0,1.0,1.0,True,True
PXD054662,1,5888,2,562; 9606,0,2,1,0.0,0.0,0.0,0.0,True,False
PXD054708,1,10090,3,10090; 10116; 9606,1,2,0,1.0,0.3333333333333333,0.5,0.6666666666666666,True,False
PXD054740,1,9606,1,9606,1,0,0,1.0,1.0,1.0,1.0,False,True
PXD054858,2,1257118; 137992,3,3702; 9606; 9823,0,3,2,0.0,0.0,0.0,0.0,True,False
PXD054937,1,9606,1,9606,1,0,0,1.0,1.0,1.0,1.0,True,True
PXD054965,1,9606,1,9606,1,0,0,1.0,1.0,1.0,1.0,True,False
PXD055077,1,9986,1,10090,0,1,1,0.0,0.0,0.0,0.0,True,False
PXD055145,1,9606,1,9606,1,0,0,1.0,1.0,1.0,1.0,True,False
PXD055157,1,9606,1,9606,1,0,0,1.0,1.0,1.0,1.0,True,False
PXD055348,1,9606,1,9606,1,0,0,1.0,1.0,1.0,1.0,True,False
PXD055377,1,9606,1,9606,1,0,0,1.0,1.0,1.0,1.0,True,True
PXD055389,1,10090,1,10090,1,0,0,1.0,1.0,1.0,1.0,True,True
PXD055412,1,9606,2,7227; 9606,1,1,0,1.0,0.5,0.6666666666666666,0.75,True,True
PXD055413,1,9606,1,9606,1,0,0,1.0,1.0,1.0,1.0,True,False
PXD055414,1,9606,1,9606,1,0,0,1.0,1.0,1.0,1.0,True,True
PXD055450,1,9606,3,7041; 7227; 9606,1,2,0,1.0,0.3333333333333333,0.5,0.6666666666666666,True,True
PXD055651,1,10090,1,10090,1,0,0,1.0,1.0,1.0,1.0,True,True
PXD055828,1,10090,1,10090,1,0,0,1.0,1.0,1.0,1.0,True,False
PXD055868,1,9606,1,9606,1,0,0,1.0,1.0,1.0,1.0,True,False
PXD055880,1,9606,1,9606,1,0,0,1.0,1.0,1.0,1.0,True,True
PXD055882,1,9606,2,10090; 9606,1,1,0,1.0,0.5,0.6666666666666666,0.75,True,True
PXD055905,1,9606,1,9606,1,0,0,1.0,1.0,1.0,1.0,True,False
PXD055950,1,9606,1,9606,1,0,0,1.0,1.0,1.0,1.0,True,False
PXD056001,1,4530,1,4530,1,0,0,1.0,1.0,1.0,1.0,True,False
PXD056030,1,3218,1,3218,1,0,0,1.0,1.0,1.0,1.0,True,False
PXD056039,1,9606,1,9606,1,0,0,1.0,1.0,1.0,1.0,True,False
PXD056042,1,9606,1,9606,1,0,0,1.0,1.0,1.0,1.0,True,False
PXD056084,1,10090,1,562,0,1,1,0.0,0.0,0.0,0.0,True,False
PXD056107,1,10090,1,10090,1,0,0,1.0,1.0,1.0,1.0,True,False
PXD056191,1,5544,1,5544,1,0,0,1.0,1.0,1.0,1.0,True,False
PXD056253,2,37296; 9606,3,7955; 9606; 9823,1,2,1,0.5,0.3333333333333333,0.4,0.41666666666666663,True,False
PXD056260,1,562,1,562,1,0,0,1.0,1.0,1.0,1.0,True,True
PXD056528,1,9606,1,9606,1,0,0,1.0,1.0,1.0,1.0,True,True
PXD056565,1,9606,1,9606,1,0,0,1.0,1.0,1.0,1.0,True,False
PXD056757,1,9606,1,9606,1,0,0,1.0,1.0,1.0,1.0,True,False
PXD056760,1,6211,2,562; 9606,0,2,1,0.0,0.0,0.0,0.0,True,False
PXD056815,1,1334098,1,3702,0,1,1,0.0,0.0,0.0,0.0,True,False
PXD056848,1,9606,1,9606,1,0,0,1.0,1.0,1.0,1.0,True,False
PXD056949,2,2; 562,4,562; 83333; 9606; 9913,1,3,1,0.5,0.25,0.3333333333333333,0.375,True,True
PXD056970,1,5661,1,5661,1,0,0,1.0,1.0,1.0,1.0,True,False
PXD057012,1,9606,1,9606,1,0,0,1.0,1.0,1.0,1.0,True,True
PXD057101,1,9606,1,9606,1,0,0,1.0,1.0,1.0,1.0,True,True
PXD057108,1,3702,1,3702,1,0,0,1.0,1.0,1.0,1.0,True,False
PXD057383,1,7227,1,7227,1,0,0,1.0,1.0,1.0,1.0,True,True
PXD057432,1,10090,1,10090,1,0,0,1.0,1.0,1.0,1.0,True,False
PXD057481,1,9606,2,9606; 9913,1,1,0,1.0,0.5,0.6666666666666666,0.75,True,False
PXD057487,1,9606,1,9606,1,0,0,1.0,1.0,1.0,1.0,True,True
PXD057513,1,5661,1,562,0,1,1,0.0,0.0,0.0,0.0,True,False
PXD057691,1,9606,2,10090; 9606,1,1,0,1.0,0.5,0.6666666666666666,0.75,True,True
PXD057698,1,9606,1,9606,1,0,0,1.0,1.0,1.0,1.0,True,True
PXD057808,1,9606,1,9606,1,0,0,1.0,1.0,1.0,1.0,True,False
PXD057905,1,9606,1,9606,1,0,0,1.0,1.0,1.0,1.0,True,False
PXD058005,1,9606,1,9606,1,0,0,1.0,1.0,1.0,1.0,True,False
PXD058040,1,9606,1,9606,1,0,0,1.0,1.0,1.0,1.0,True,False
PXD058095,2,5811; 9606,3,5811; 9606; 9913,2,1,0,1.0,0.6666666666666666,0.8,0.8333333333333333,True,True
PXD058162,2,10090; 9606,6,10090; 10116; 8355; 9606; 9796; 9913,2,4,0,1.0,0.3333333333333333,0.5,0.6666666666666666,True,False
PXD058432,1,10090,1,9606,0,1,1,0.0,0.0,0.0,0.0,True,False
PXD058436,1,9606,1,9606,1,0,0,1.0,1.0,1.0,1.0,True,False
PXD058618,1,9606,1,9606,1,0,0,1.0,1.0,1.0,1.0,True,True
PXD058994,1,4932,1,4932,1,0,0,1.0,1.0,1.0,1.0,True,False
PXD059112,1,10090,1,10090,1,0,0,1.0,1.0,1.0,1.0,True,True
PXD059156,1,9606,1,9606,1,0,0,1.0,1.0,1.0,1.0,True,True
PXD059275,1,10090,1,10090,1,0,0,1.0,1.0,1.0,1.0,True,False
PXD059345,1,9606,1,9606,1,0,0,1.0,1.0,1.0,1.0,True,False
PXD059431,1,10090,1,10090,1,0,0,1.0,1.0,1.0,1.0,True,True
PXD059495,1,9606,1,9606,1,0,0,1.0,1.0,1.0,1.0,True,False
PXD059496,1,9646,2,9646; 9913,1,1,0,1.0,0.5,0.6666666666666666,0.75,True,True
PXD059538,1,10090,1,10090,1,0,0,1.0,1.0,1.0,1.0,True,False
PXD059593,1,9606,1,9606,1,0,0,1.0,1.0,1.0,1.0,True,True
PXD059650,1,9606,2,562; 9606,1,1,0,1.0,0.5,0.6666666666666666,0.75,True,True
PXD059855,1,10090,1,10090,1,0,0,1.0,1.0,1.0,1.0,True,True
PXD060056,1,9606,1,9606,1,0,0,1.0,1.0,1.0,1.0,True,False
PXD060120,1,9606,1,9606,1,0,0,1.0,1.0,1.0,1.0,True,False
PXD060122,1,9606,1,9913,0,1,1,0.0,0.0,0.0,0.0,True,False
PXD060310,1,1280,1,1280,1,0,0,1.0,1.0,1.0,1.0,True,True
PXD060326,1,10090,1,10090,1,0,0,1.0,1.0,1.0,1.0,True,True
PXD060340,1,9606,1,9606,1,0,0,1.0,1.0,1.0,1.0,True,True
PXD060509,1,7227,1,7227,1,0,0,1.0,1.0,1.0,1.0,True,True
PXD060533,1,9606,1,9606,1,0,0,1.0,1.0,1.0,1.0,True,False
PXD060599,1,9606,1,9606,1,0,0,1.0,1.0,1.0,1.0,True,True
PXD060600,1,562,2,562; 9913,1,1,0,1.0,0.5,0.6666666666666666,0.75,True,True
PXD060724,1,9986,2,9606; 9913,0,2,1,0.0,0.0,0.0,0.0,True,False
PXD060734,1,5833,2,5833; 9606,1,1,0,1.0,0.5,0.6666666666666666,0.75,True,True
PXD060854,1,10090,1,10090,1,0,0,1.0,1.0,1.0,1.0,True,True
PXD060873,1,9606,1,10090,0,1,1,0.0,0.0,0.0,0.0,True,False
PXD060874,1,9606,2,4932; 9606,1,1,0,1.0,0.5,0.6666666666666666,0.75,True,False
PXD060878,1,9606,1,9606,1,0,0,1.0,1.0,1.0,1.0,True,False
PXD060923,1,262724,1,562,0,1,1,0.0,0.0,0.0,0.0,True,False
PXD060960,1,9606,1,9606,1,0,0,1.0,1.0,1.0,1.0,True,True
PXD061009,1,9606,1,9606,1,0,0,1.0,1.0,1.0,1.0,True,True
PXD061023,1,9606,1,9606,1,0,0,1.0,1.0,1.0,1.0,True,True
PXD061060,1,9606,1,9606,1,0,0,1.0,1.0,1.0,1.0,True,False
PXD061062,1,9606,1,9606,1,0,0,1.0,1.0,1.0,1.0,True,True
PXD061454,1,9606,1,9606,1,0,0,1.0,1.0,1.0,1.0,True,False
PXD061468,1,108458,1,3055,0,1,1,0.0,0.0,0.0,0.0,True,False
PXD061617,1,10090,1,10090,1,0,0,1.0,1.0,1.0,1.0,True,True
PXD061760,1,10116,1,10116,1,0,0,1.0,1.0,1.0,1.0,True,False
PXD061845,1,60711,2,60711; 9606,1,1,0,1.0,0.5,0.6666666666666666,0.75,True,True
PXD061921,1,1111708,3,562; 9606; 9913,0,3,1,0.0,0.0,0.0,0.0,True,False
PXD061933,1,9606,2,562; 9606,1,1,0,1.0,0.5,0.6666666666666666,0.75,True,True
PXD062176,1,9606,1,9606,1,0,0,1.0,1.0,1.0,1.0,True,False
PXD062250,1,9606,2,10090; 9606,1,1,0,1.0,0.5,0.6666666666666666,0.75,True,False
PXD062259,1,101491,1,9031,0,1,1,0.0,0.0,0.0,0.0,True,False
PXD062511,1,9606,1,562,0,1,1,0.0,0.0,0.0,0.0,True,False
PXD062669,1,10090,1,10090,1,0,0,1.0,1.0,1.0,1.0,True,True
PXD062847,1,9606,1,9606,1,0,0,1.0,1.0,1.0,1.0,True,True
PXD062854,1,9606,1,9606,1,0,0,1.0,1.0,1.0,1.0,True,True
PXD063068,1,9606,1,9606,1,0,0,1.0,1.0,1.0,1.0,True,True
PXD063156,1,10116,1,10116,1,0,0,1.0,1.0,1.0,1.0,True,True
PXD063163,1,9606,1,9606,1,0,0,1.0,1.0,1.0,1.0,True,False
PXD063223,1,9606,1,9606,1,0,0,1.0,1.0,1.0,1.0,True,True
PXD063449,1,100816,2,4932; 5476,0,2,1,0.0,0.0,0.0,0.0,True,False
PXD063494,3,2; 562; 9606,4,10116; 4565; 9606; 9823,1,3,2,0.3333333333333333,0.25,0.28571428571428575,0.29166666666666663,True,False
PXD063682,1,9606,2,10090; 9606,1,1,0,1.0,0.5,0.6666666666666666,0.75,True,True
PXD063709,1,9606,1,9606,1,0,0,1.0,1.0,1.0,1.0,True,True
PXD063900,1,562,1,562,1,0,0,1.0,1.0,1.0,1.0,True,True
PXD063968,1,9606,1,9606,1,0,0,1.0,1.0,1.0,1.0,True,True
PXD064110,1,10116,1,10116,1,0,0,1.0,1.0,1.0,1.0,True,True
PXD064296,1,9606,1,9606,1,0,0,1.0,1.0,1.0,1.0,True,False
PXD064331,1,9606,1,9606,1,0,0,1.0,1.0,1.0,1.0,True,False
PXD064366,1,121615,1,9606,0,1,1,0.0,0.0,0.0,0.0,True,False
PXD064633,1,1316932,1,562,0,1,1,0.0,0.0,0.0,0.0,True,False
PXD064897,1,9606,2,3702; 9606,1,1,0,1.0,0.5,0.6666666666666666,0.75,True,False
PXD064912,1,9606,1,9606,1,0,0,1.0,1.0,1.0,1.0,True,True
PXD064940,1,9606,2,562; 9606,1,1,0,1.0,0.5,0.6666666666666666,0.75,True,True
PXD065017,1,9606,1,9606,1,0,0,1.0,1.0,1.0,1.0,True,False
PXD065042,1,10090,1,10090,1,0,0,1.0,1.0,1.0,1.0,True,True
PXD065054,1,9606,1,9606,1,0,0,1.0,1.0,1.0,1.0,True,True
PXD065332,1,9606,1,9606,1,0,0,1.0,1.0,1.0,1.0,True,True
PXD065422,1,9606,1,9606,1,0,0,1.0,1.0,1.0,1.0,True,False
PXD065543,1,9606,1,9606,1,0,0,1.0,1.0,1.0,1.0,True,True
PXD065727,1,9606,2,562; 9606,1,1,0,1.0,0.5,0.6666666666666666,0.75,True,True
PXD065770,1,9606,1,9606,1,0,0,1.0,1.0,1.0,1.0,True,False
PXD065847,1,9606,1,9606,1,0,0,1.0,1.0,1.0,1.0,True,True
PXD065914,1,9606,2,562; 9606,1,1,0,1.0,0.5,0.6666666666666666,0.75,True,True
PXD065994,1,9606,2,10090; 9606,1,1,0,1.0,0.5,0.6666666666666666,0.75,True,False
PXD066116,1,9606,1,9606,1,0,0,1.0,1.0,1.0,1.0,True,True
PXD066259,1,105231,2,3702; 4565,0,2,1,0.0,0.0,0.0,0.0,True,False
PXD066288,1,446911,1,9606,0,1,1,0.0,0.0,0.0,0.0,True,False
PXD066322,1,9606,1,9606,1,0,0,1.0,1.0,1.0,1.0,True,True
PXD066334,1,9606,1,9606,1,0,0,1.0,1.0,1.0,1.0,True,False
PXD066600,1,9606,1,9606,1,0,0,1.0,1.0,1.0,1.0,True,False
PXD066796,1,3055,1,3055,1,0,0,1.0,1.0,1.0,1.0,True,True
PXD066810,1,9606,1,9606,1,0,0,1.0,1.0,1.0,1.0,True,False
PXD067139,1,9606,2,9606; 9823,1,1,0,1.0,0.5,0.6666666666666666,0.75,True,True
PXD067277,3,408170; 408172; 410658,5,33035; 3702; 562; 818; 9606,0,5,3,0.0,0.0,0.0,0.0,True,False
PXD067300,2,1324588; 562,2,1590; 562,1,1,1,0.5,0.5,0.5,0.5,True,False
PXD067352,1,3702,1,3702,1,0,0,1.0,1.0,1.0,1.0,True,False
PXD067354,1,3702,1,3702,1,0,0,1.0,1.0,1.0,1.0,True,False
PXD067360,1,9606,1,9606,1,0,0,1.0,1.0,1.0,1.0,True,True
PXD067550,1,9606,2,10090; 9606,1,1,0,1.0,0.5,0.6666666666666666,0.75,True,True
PXD067606,1,9606,1,9606,1,0,0,1.0,1.0,1.0,1.0,True,True
PXD067728,1,9606,1,9606,1,0,0,1.0,1.0,1.0,1.0,True,True
PXD067788,1,9606,1,9606,1,0,0,1.0,1.0,1.0,1.0,True,False
PXD067843,1,9606,1,9606,1,0,0,1.0,1.0,1.0,1.0,True,False
PXD067854,1,9606,1,9606,1,0,0,1.0,1.0,1.0,1.0,True,False
PXD068025,1,10090,2,10090; 9606,1,1,0,1.0,0.5,0.6666666666666666,0.75,True,True
PXD068522,1,9606,2,10090; 9606,1,1,0,1.0,0.5,0.6666666666666666,0.75,True,True
PXD068664,1,9606,1,9606,1,0,0,1.0,1.0,1.0,1.0,True,False
PXD068794,1,9606,1,9606,1,0,0,1.0,1.0,1.0,1.0,True,False
PXD068894,1,36963,2,10090; 9606,0,2,1,0.0,0.0,0.0,0.0,True,False
PXD068961,1,9606,1,9606,1,0,0,1.0,1.0,1.0,1.0,True,True
PXD069044,1,9606,1,9606,1,0,0,1.0,1.0,1.0,1.0,True,False
PXD069171,1,9606,1,9913,0,1,1,0.0,0.0,0.0,0.0,True,False
PXD069559,1,2212966,1,9606,0,1,1,0.0,0.0,0.0,0.0,True,False
PXD069724,1,9606,1,9606,1,0,0,1.0,1.0,1.0,1.0,True,False
PXD070144,1,10116,1,10116,1,0,0,1.0,1.0,1.0,1.0,True,False
PXD070229,1,498019,1,498019,1,0,0,1.0,1.0,1.0,1.0,True,False
PXD070295,1,10116,1,10116,1,0,0,1.0,1.0,1.0,1.0,True,True
PXD070466,1,9606,1,9606,1,0,0,1.0,1.0,1.0,1.0,True,True
PXD070469,3,1280; 1282; 287,5,1280; 562; 9606; 9823; 9913,1,4,2,0.3333333333333333,0.2,0.25,0.26666666666666666,True,False
PXD070488,1,10090,2,10090; 9606,1,1,0,1.0,0.5,0.6666666666666666,0.75,True,False
PXD070855,1,9606,1,9606,1,0,0,1.0,1.0,1.0,1.0,False,True
PXD071042,1,9606,1,9606,1,0,0,1.0,1.0,1.0,1.0,True,False
PXD071283,1,8355,1,8355,1,0,0,1.0,1.0,1.0,1.0,True,True
PXD071546,1,9606,1,9606,1,0,0,1.0,1.0,1.0,1.0,True,True
PXD071633,1,9606,1,9606,1,0,0,1.0,1.0,1.0,1.0,True,True
PXD072078,1,10090,1,10090,1,0,0,1.0,1.0,1.0,1.0,True,False
PXD072123,1,9606,2,562; 9606,1,1,0,1.0,0.5,0.6666666666666666,0.75,True,True
PXD073007,1,9606,1,9606,1,0,0,1.0,1.0,1.0,1.0,True,True
PXD073162,1,7725,1,9606,0,1,1,0.0,0.0,0.0,0.0,True,False
PXD073844,1,9606,1,562,0,1,1,0.0,0.0,0.0,0.0,True,True
