source name	characteristics[organism]	characteristics[organism part]	characteristics[cell type]	characteristics[ancestry category]	characteristics[age]	characteristics[sex]	characteristics[disease]	characteristics[individual]	assay name	comment[data file]	comment[associated file uri]	comment[fraction identifier]	comment[label]	comment[instrument]	comment[cleavage agent details]	comment[number of missed cleavages]	comment[precursor mass tolerance]	comment[fragment mass tolerance]	sampleChecksum	sampleAccession
PXD004987-Sample1	Homo sapiens	NT=Brain; AC=BTO:0000142	not applicable	not available	not applicable	not applicable	normal	not applicable	Run 1	OEI15202.raw	ftp://ftp.pride.ebi.ac.uk/pride/data/archive/2016/12/PXD004987/OEI15202.raw	1	NT=label free sample;AC=MS:1002038	NT=LTQ Orbitrap Elite;AC=MS:1001910	NT=Trypsin;AC=MS:1001251	1	5 ppm	0.4 Da	93781d2607f6d2bd189286556f6d78181b411aca51d04cd6854a818705ce360a	SAMEA7710501
PXD004987-Sample2	Homo sapiens	NT=Brain; AC=BTO:0000142	not applicable	not available	not applicable	not applicable	normal	not applicable	Run 2	OEI15208.raw	ftp://ftp.pride.ebi.ac.uk/pride/data/archive/2016/12/PXD004987/OEI15208.raw	1	NT=label free sample;AC=MS:1002038	NT=LTQ Orbitrap Elite;AC=MS:1001910	NT=Trypsin;AC=MS:1001251	1	5 ppm	0.4 Da	370536535415eec35965d45da3a534460d06fdfc9a702b89dd6a2a3c80278760	SAMEA7710502
PXD004987-Sample3	Homo sapiens	NT=Brain; AC=BTO:0000142	not applicable	not available	not applicable	not applicable	normal	not applicable	Run 3	OEI15216.raw	ftp://ftp.pride.ebi.ac.uk/pride/data/archive/2016/12/PXD004987/OEI15216.raw	1	NT=label free sample;AC=MS:1002038	NT=LTQ Orbitrap Elite;AC=MS:1001910	NT=Trypsin;AC=MS:1001251	1	5 ppm	0.4 Da	dc5dcf2580d7fbfeb2c5fa9330d2d7bfcc6721f49cda827f5294fb7517693fe1	SAMEA7710503
PXD004987-Sample4	Homo sapiens	NT=Brain; AC=BTO:0000142	not applicable	not available	not applicable	not applicable	normal	not applicable	Run 4	OEI15218.raw	ftp://ftp.pride.ebi.ac.uk/pride/data/archive/2016/12/PXD004987/OEI15218.raw	1	NT=label free sample;AC=MS:1002038	NT=LTQ Orbitrap Elite;AC=MS:1001910	NT=Trypsin;AC=MS:1001251	1	5 ppm	0.4 Da	0710ca79697ad210f9e4de483145e9573ff6a1d235e7702c1e26c7a43369cca4	SAMEA7710504
PXD004987-Sample5	Homo sapiens	NT=Brain; AC=BTO:0000142	not applicable	not available	not applicable	not applicable	normal	not applicable	Run 5	OEI15224.raw	ftp://ftp.pride.ebi.ac.uk/pride/data/archive/2016/12/PXD004987/OEI15224.raw	1	NT=label free sample;AC=MS:1002038	NT=LTQ Orbitrap Elite;AC=MS:1001910	NT=Trypsin;AC=MS:1001251	1	5 ppm	0.4 Da	28a617b77ecb78e27d0ab6b2d55bff20c1419778e8aff2bdb8f0f94559cb3ce1	SAMEA7710505
PXD004987-Sample6	Homo sapiens	NT=Brain; AC=BTO:0000142	not applicable	not available	not applicable	not applicable	normal	not applicable	Run 6	OEI15234.raw	ftp://ftp.pride.ebi.ac.uk/pride/data/archive/2016/12/PXD004987/OEI15234.raw	1	NT=label free sample;AC=MS:1002038	NT=LTQ Orbitrap Elite;AC=MS:1001910	NT=Trypsin;AC=MS:1001251	1	5 ppm	0.4 Da	7fd22a8b65de36920147ac4cf4d580e8cad39fb36c86797d4529b2c8a1a7277b	SAMEA7710506
PXD004987-Sample7	Homo sapiens	NT=Brain; AC=BTO:0000142	not applicable	not available	not applicable	not applicable	normal	not applicable	Run 7	OEI16007.raw	ftp://ftp.pride.ebi.ac.uk/pride/data/archive/2016/12/PXD004987/OEI16007.raw	1	NT=label free sample;AC=MS:1002038	NT=LTQ Orbitrap Elite;AC=MS:1001910	NT=Trypsin;AC=MS:1001251	1	5 ppm	0.4 Da	687775f964599ed363e7d7b34cc665c3c6a7c36dbd75468c95692c5799f6d228	SAMEA7710507
PXD004987-Sample8	Homo sapiens	NT=Brain; AC=BTO:0000142	not applicable	not available	not applicable	not applicable	normal	not applicable	Run 8	OEI16013.raw	ftp://ftp.pride.ebi.ac.uk/pride/data/archive/2016/12/PXD004987/OEI16013.raw	1	NT=label free sample;AC=MS:1002038	NT=LTQ Orbitrap Elite;AC=MS:1001910	NT=Trypsin;AC=MS:1001251	1	5 ppm	0.4 Da	28d8dd41fa550dae8e4356c50656f2980b73ddd6d7307cea59d79176fb498e82	SAMEA7710508
PXD004987-Sample9	Homo sapiens	NT=Brain; AC=BTO:0000142	not applicable	not available	not applicable	not applicable	normal	not applicable	Run 8	OEI16027.raw	ftp://ftp.pride.ebi.ac.uk/pride/data/archive/2016/12/PXD004987/OEI16027.raw	1	NT=label free sample;AC=MS:1002038	NT=LTQ Orbitrap Elite;AC=MS:1001910	NT=Trypsin;AC=MS:1001251	1	5 ppm	0.4 Da	6c5bd617e3500156d95a10b44f3e9b4537de1c940b2b28bfe2a82aeb0a1bb2af	SAMEA7710509
