pxd,in_pride_cache,experimentTypes,projectTags,experimentTypes_projectTags_combined,experimentTypes_present,projectTags_present,experiment_or_tag_present
PXD001454,yes,Chemical cross-linking coupled with mass spectrometry proteomics (PRIDE:0000430),Technical,Chemical cross-linking coupled with mass spectrometry proteomics (PRIDE:0000430) || Technical,yes,yes,yes
PXD001805,yes,Affinity purification coupled with mass spectrometry proteomics (PRIDE:0000433),Biological | Biomedical,Affinity purification coupled with mass spectrometry proteomics (PRIDE:0000433) || Biological | Biomedical,yes,yes,yes
PXD002030,yes,Shotgun proteomics (PRIDE:0000429),Biomedical | Biological,Shotgun proteomics (PRIDE:0000429) || Biomedical | Biological,yes,yes,yes
PXD002120,yes,Shotgun proteomics (PRIDE:0000429),Biological,Shotgun proteomics (PRIDE:0000429) || Biological,yes,yes,yes
PXD002132,yes,Shotgun proteomics (PRIDE:0000429),Biomedical,Shotgun proteomics (PRIDE:0000429) || Biomedical,yes,yes,yes
PXD002337,yes,Shotgun proteomics (PRIDE:0000429),Biological,Shotgun proteomics (PRIDE:0000429) || Biological,yes,yes,yes
PXD002548,yes,Shotgun proteomics (PRIDE:0000429),,Shotgun proteomics (PRIDE:0000429),yes,no,yes
PXD003356,yes,Shotgun proteomics (PRIDE:0000429),Biomedical,Shotgun proteomics (PRIDE:0000429) || Biomedical,yes,yes,yes
PXD003544,yes,Shotgun proteomics (PRIDE:0000429) | Affinity purification coupled with mass spectrometry proteomics (PRIDE:0000433),Biomedical,Shotgun proteomics (PRIDE:0000429) | Affinity purification coupled with mass spectrometry proteomics (PRIDE:0000433) || Biomedical,yes,yes,yes
PXD003772,yes,Shotgun proteomics (PRIDE:0000429),Biomedical,Shotgun proteomics (PRIDE:0000429) || Biomedical,yes,yes,yes
PXD004802,yes,Shotgun proteomics (PRIDE:0000429),Biological,Shotgun proteomics (PRIDE:0000429) || Biological,yes,yes,yes
PXD004983,yes,Affinity purification coupled with mass spectrometry proteomics (PRIDE:0000433),Biological | Biomedical,Affinity purification coupled with mass spectrometry proteomics (PRIDE:0000433) || Biological | Biomedical,yes,yes,yes
PXD004997,yes,Shotgun proteomics (PRIDE:0000429),Biological,Shotgun proteomics (PRIDE:0000429) || Biological,yes,yes,yes
PXD005048,yes,Shotgun proteomics (PRIDE:0000429),Biomedical,Shotgun proteomics (PRIDE:0000429) || Biomedical,yes,yes,yes
PXD005188,yes,Shotgun proteomics (PRIDE:0000429),Biological | Biomedical,Shotgun proteomics (PRIDE:0000429) || Biological | Biomedical,yes,yes,yes
PXD005463,yes,Shotgun proteomics (PRIDE:0000429),Biological,Shotgun proteomics (PRIDE:0000429) || Biological,yes,yes,yes
PXD005628,yes,Shotgun proteomics (PRIDE:0000429),Biological,Shotgun proteomics (PRIDE:0000429) || Biological,yes,yes,yes
PXD006156,yes,Affinity purification coupled with mass spectrometry proteomics (PRIDE:0000433),Biological,Affinity purification coupled with mass spectrometry proteomics (PRIDE:0000433) || Biological,yes,yes,yes
PXD006603,yes,Shotgun proteomics (PRIDE:0000429),Biological,Shotgun proteomics (PRIDE:0000429) || Biological,yes,yes,yes
PXD006738,yes,Shotgun proteomics (PRIDE:0000429),Technical,Shotgun proteomics (PRIDE:0000429) || Technical,yes,yes,yes
PXD006856,yes,Shotgun proteomics (PRIDE:0000429),Biological,Shotgun proteomics (PRIDE:0000429) || Biological,yes,yes,yes
PXD008108,yes,Shotgun proteomics (PRIDE:0000429),Biological,Shotgun proteomics (PRIDE:0000429) || Biological,yes,yes,yes
PXD008215,yes,Chemical cross-linking coupled with mass spectrometry proteomics (PRIDE:0000430),Biological,Chemical cross-linking coupled with mass spectrometry proteomics (PRIDE:0000430) || Biological,yes,yes,yes
PXD008245,yes,Shotgun proteomics (PRIDE:0000429),Biological,Shotgun proteomics (PRIDE:0000429) || Biological,yes,yes,yes
PXD008341,yes,Gel-based experiment (PRIDE:0000305),Kidney urine (b/d-hpp) | Biology/disease-driven human proteome project (b/d-hpp) | Biological,Gel-based experiment (PRIDE:0000305) || Kidney urine (b/d-hpp) | Biology/disease-driven human proteome project (b/d-hpp) | Biological,yes,yes,yes
PXD008842,yes,Affinity purification coupled with mass spectrometry proteomics (PRIDE:0000433),Biological,Affinity purification coupled with mass spectrometry proteomics (PRIDE:0000433) || Biological,yes,yes,yes
PXD009266,yes,Affinity purification coupled with mass spectrometry proteomics (PRIDE:0000433),Biological,Affinity purification coupled with mass spectrometry proteomics (PRIDE:0000433) || Biological,yes,yes,yes
PXD009281,yes,Affinity purification coupled with mass spectrometry proteomics (PRIDE:0000433),Biological | Technical,Affinity purification coupled with mass spectrometry proteomics (PRIDE:0000433) || Biological | Technical,yes,yes,yes
PXD009298,yes,Shotgun proteomics (PRIDE:0000429),Technical,Shotgun proteomics (PRIDE:0000429) || Technical,yes,yes,yes
PXD009375,yes,Shotgun proteomics (PRIDE:0000429),Biological,Shotgun proteomics (PRIDE:0000429) || Biological,yes,yes,yes
PXD009584,yes,Shotgun proteomics (PRIDE:0000429),Biological,Shotgun proteomics (PRIDE:0000429) || Biological,yes,yes,yes
PXD009777,yes,Chemical cross-linking coupled with mass spectrometry proteomics (PRIDE:0000430),Biological,Chemical cross-linking coupled with mass spectrometry proteomics (PRIDE:0000430) || Biological,yes,yes,yes
PXD009864,yes,Top-down proteomics (PRIDE:0000427),Biological,Top-down proteomics (PRIDE:0000427) || Biological,yes,yes,yes
PXD010217,yes,Affinity purification coupled with mass spectrometry proteomics (PRIDE:0000433),Biomedical,Affinity purification coupled with mass spectrometry proteomics (PRIDE:0000433) || Biomedical,yes,yes,yes
PXD010952,yes,Shotgun proteomics (PRIDE:0000429),Biological | Liver (b/d-hpp),Shotgun proteomics (PRIDE:0000429) || Biological | Liver (b/d-hpp),yes,yes,yes
PXD010963,yes,Shotgun proteomics (PRIDE:0000429),Biological,Shotgun proteomics (PRIDE:0000429) || Biological,yes,yes,yes
PXD011237,yes,Shotgun proteomics (PRIDE:0000429),Biological,Shotgun proteomics (PRIDE:0000429) || Biological,yes,yes,yes
PXD011241,yes,Shotgun proteomics (PRIDE:0000429),Biomedical,Shotgun proteomics (PRIDE:0000429) || Biomedical,yes,yes,yes
PXD011507,yes,Shotgun proteomics (PRIDE:0000429),Biological | Technical,Shotgun proteomics (PRIDE:0000429) || Biological | Technical,yes,yes,yes
PXD011542,yes,Gel-based experiment (PRIDE:0000305),,Gel-based experiment (PRIDE:0000305),yes,no,yes
PXD011863,yes,Shotgun proteomics (PRIDE:0000429),Biological,Shotgun proteomics (PRIDE:0000429) || Biological,yes,yes,yes
PXD011986,yes,Affinity purification coupled with mass spectrometry proteomics (PRIDE:0000433),Biological,Affinity purification coupled with mass spectrometry proteomics (PRIDE:0000433) || Biological,yes,yes,yes
PXD011999,yes,Shotgun proteomics (PRIDE:0000429),Biological,Shotgun proteomics (PRIDE:0000429) || Biological,yes,yes,yes
PXD012068,yes,Shotgun proteomics (PRIDE:0000429),Biological,Shotgun proteomics (PRIDE:0000429) || Biological,yes,yes,yes
PXD012337,yes,Shotgun proteomics (PRIDE:0000429),Biological,Shotgun proteomics (PRIDE:0000429) || Biological,yes,yes,yes
PXD012723,yes,Chemical cross-linking coupled with mass spectrometry proteomics (PRIDE:0000430),Biological | Technical | Deep learning | Benchmarking | Machine learning,Chemical cross-linking coupled with mass spectrometry proteomics (PRIDE:0000430) || Biological | Technical | Deep learning | Benchmarking | Machine learning,yes,yes,yes
PXD012811,yes,Affinity purification coupled with mass spectrometry proteomics (PRIDE:0000433),Biomedical,Affinity purification coupled with mass spectrometry proteomics (PRIDE:0000433) || Biomedical,yes,yes,yes
PXD013216,yes,Shotgun proteomics (PRIDE:0000429),Biological,Shotgun proteomics (PRIDE:0000429) || Biological,yes,yes,yes
PXD013432,yes,Shotgun proteomics (PRIDE:0000429),,Shotgun proteomics (PRIDE:0000429),yes,no,yes
PXD013517,yes,Shotgun proteomics (PRIDE:0000429),,Shotgun proteomics (PRIDE:0000429),yes,no,yes
PXD013599,yes,Shotgun proteomics (PRIDE:0000429),Biomedical,Shotgun proteomics (PRIDE:0000429) || Biomedical,yes,yes,yes
PXD013685,yes,Affinity purification coupled with mass spectrometry proteomics (PRIDE:0000433),,Affinity purification coupled with mass spectrometry proteomics (PRIDE:0000433),yes,no,yes
PXD013836,yes,Shotgun proteomics (PRIDE:0000429),,Shotgun proteomics (PRIDE:0000429),yes,no,yes
PXD014164,yes,Shotgun proteomics (PRIDE:0000429),,Shotgun proteomics (PRIDE:0000429),yes,no,yes
PXD014472,yes,Affinity purification coupled with mass spectrometry proteomics (PRIDE:0000433),,Affinity purification coupled with mass spectrometry proteomics (PRIDE:0000433),yes,no,yes
PXD014738,yes,Chemical cross-linking coupled with mass spectrometry proteomics (PRIDE:0000430),,Chemical cross-linking coupled with mass spectrometry proteomics (PRIDE:0000430),yes,no,yes
PXD015234,yes,Shotgun proteomics (PRIDE:0000429),,Shotgun proteomics (PRIDE:0000429),yes,no,yes
PXD015445,yes,Shotgun proteomics (PRIDE:0000429),,Shotgun proteomics (PRIDE:0000429),yes,no,yes
PXD015790,yes,Top-down proteomics (PRIDE:0000427) | Affinity purification coupled with mass spectrometry proteomics (PRIDE:0000433),,Top-down proteomics (PRIDE:0000427) | Affinity purification coupled with mass spectrometry proteomics (PRIDE:0000433),yes,no,yes
PXD015800,yes,Shotgun proteomics (PRIDE:0000429),,Shotgun proteomics (PRIDE:0000429),yes,no,yes
PXD016311,yes,Shotgun proteomics (PRIDE:0000429),,Shotgun proteomics (PRIDE:0000429),yes,no,yes
PXD016385,yes,Affinity purification coupled with mass spectrometry proteomics (PRIDE:0000433),,Affinity purification coupled with mass spectrometry proteomics (PRIDE:0000433),yes,no,yes
PXD016814,yes,Shotgun proteomics (PRIDE:0000429),,Shotgun proteomics (PRIDE:0000429),yes,no,yes
PXD016858,yes,Top-down proteomics (PRIDE:0000427),,Top-down proteomics (PRIDE:0000427),yes,no,yes
PXD016919,yes,Gel-based experiment (PRIDE:0000305),,Gel-based experiment (PRIDE:0000305),yes,no,yes
PXD017229,yes,Shotgun proteomics (PRIDE:0000429),,Shotgun proteomics (PRIDE:0000429),yes,no,yes
PXD017293,yes,Shotgun proteomics (PRIDE:0000429),,Shotgun proteomics (PRIDE:0000429),yes,no,yes
PXD017347,yes,Shotgun proteomics (PRIDE:0000429),,Shotgun proteomics (PRIDE:0000429),yes,no,yes
PXD017351,yes,Affinity purification coupled with mass spectrometry proteomics (PRIDE:0000433),,Affinity purification coupled with mass spectrometry proteomics (PRIDE:0000433),yes,no,yes
PXD017376,yes,Gel-based experiment (PRIDE:0000305),,Gel-based experiment (PRIDE:0000305),yes,no,yes
PXD017670,yes,Gel-based experiment (PRIDE:0000305),,Gel-based experiment (PRIDE:0000305),yes,no,yes
PXD017772,yes,Affinity purification coupled with mass spectrometry proteomics (PRIDE:0000433),,Affinity purification coupled with mass spectrometry proteomics (PRIDE:0000433),yes,no,yes
PXD018021,yes,Shotgun proteomics (PRIDE:0000429),,Shotgun proteomics (PRIDE:0000429),yes,no,yes
PXD018112,yes,Shotgun proteomics (PRIDE:0000429),,Shotgun proteomics (PRIDE:0000429),yes,no,yes
PXD018749,yes,Gel-based experiment (PRIDE:0000305),,Gel-based experiment (PRIDE:0000305),yes,no,yes
PXD018851,yes,Shotgun proteomics (PRIDE:0000429),,Shotgun proteomics (PRIDE:0000429),yes,no,yes
PXD019119,yes,Shotgun proteomics (PRIDE:0000429),Sars-cov-2 | Covid-19,Shotgun proteomics (PRIDE:0000429) || Sars-cov-2 | Covid-19,yes,yes,yes
PXD019302,yes,Shotgun proteomics (PRIDE:0000429),,Shotgun proteomics (PRIDE:0000429),yes,no,yes
PXD019412,yes,Shotgun proteomics (PRIDE:0000429),,Shotgun proteomics (PRIDE:0000429),yes,no,yes
PXD019470,yes,Gel-based experiment (PRIDE:0000305),,Gel-based experiment (PRIDE:0000305),yes,no,yes
PXD020090,yes,Affinity purification coupled with mass spectrometry proteomics (PRIDE:0000433),,Affinity purification coupled with mass spectrometry proteomics (PRIDE:0000433),yes,no,yes
PXD020190,yes,Shotgun proteomics (PRIDE:0000429),,Shotgun proteomics (PRIDE:0000429),yes,no,yes
PXD020332,yes,Shotgun proteomics (PRIDE:0000429),,Shotgun proteomics (PRIDE:0000429),yes,no,yes
PXD020418,yes,Chemical cross-linking coupled with mass spectrometry proteomics (PRIDE:0000430),,Chemical cross-linking coupled with mass spectrometry proteomics (PRIDE:0000430),yes,no,yes
PXD020482,yes,SRM/MRM (PRIDE:0000311) | Shotgun proteomics (PRIDE:0000429),,SRM/MRM (PRIDE:0000311) | Shotgun proteomics (PRIDE:0000429),yes,no,yes
PXD020585,yes,Top-down proteomics (PRIDE:0000427),,Top-down proteomics (PRIDE:0000427),yes,no,yes
PXD020819,yes,Shotgun proteomics (PRIDE:0000429),,Shotgun proteomics (PRIDE:0000429),yes,no,yes
PXD021039,yes,Gel-based experiment (PRIDE:0000305),,Gel-based experiment (PRIDE:0000305),yes,no,yes
PXD021186,yes,Shotgun proteomics (PRIDE:0000429),,Shotgun proteomics (PRIDE:0000429),yes,no,yes
PXD021192,yes,Shotgun proteomics (PRIDE:0000429),,Shotgun proteomics (PRIDE:0000429),yes,no,yes
PXD021328,yes,Shotgun proteomics (PRIDE:0000429),Sars-cov-2 | Covid-19,Shotgun proteomics (PRIDE:0000429) || Sars-cov-2 | Covid-19,yes,yes,yes
PXD021423,yes,Shotgun proteomics (PRIDE:0000429),,Shotgun proteomics (PRIDE:0000429),yes,no,yes
PXD021444,yes,Affinity purification coupled with mass spectrometry proteomics (PRIDE:0000433),,Affinity purification coupled with mass spectrometry proteomics (PRIDE:0000433),yes,no,yes
PXD021514,yes,Shotgun proteomics (PRIDE:0000429),,Shotgun proteomics (PRIDE:0000429),yes,no,yes
PXD021662,yes,Shotgun proteomics (PRIDE:0000429),,Shotgun proteomics (PRIDE:0000429),yes,no,yes
PXD021678,yes,Affinity purification coupled with mass spectrometry proteomics (PRIDE:0000433),,Affinity purification coupled with mass spectrometry proteomics (PRIDE:0000433),yes,no,yes
PXD021970,yes,Affinity purification coupled with mass spectrometry proteomics (PRIDE:0000433),,Affinity purification coupled with mass spectrometry proteomics (PRIDE:0000433),yes,no,yes
PXD022037,yes,Shotgun proteomics (PRIDE:0000429),,Shotgun proteomics (PRIDE:0000429),yes,no,yes
PXD022113,yes,Shotgun proteomics (PRIDE:0000429),,Shotgun proteomics (PRIDE:0000429),yes,no,yes
PXD022606,yes,Shotgun proteomics (PRIDE:0000429),,Shotgun proteomics (PRIDE:0000429),yes,no,yes
PXD022888,yes,Top-down proteomics (PRIDE:0000427),,Top-down proteomics (PRIDE:0000427),yes,no,yes
PXD023032,yes,Shotgun proteomics (PRIDE:0000429),,Shotgun proteomics (PRIDE:0000429),yes,no,yes
PXD023258,yes,Gel-based experiment (PRIDE:0000305) | Affinity purification coupled with mass spectrometry proteomics (PRIDE:0000433),,Gel-based experiment (PRIDE:0000305) | Affinity purification coupled with mass spectrometry proteomics (PRIDE:0000433),yes,no,yes
PXD023759,yes,Shotgun proteomics (PRIDE:0000429),,Shotgun proteomics (PRIDE:0000429),yes,no,yes
PXD023860,yes,Shotgun proteomics (PRIDE:0000429),,Shotgun proteomics (PRIDE:0000429),yes,no,yes
PXD023906,yes,Gel-based experiment (PRIDE:0000305),,Gel-based experiment (PRIDE:0000305),yes,no,yes
PXD023959,yes,Shotgun proteomics (PRIDE:0000429),,Shotgun proteomics (PRIDE:0000429),yes,no,yes
PXD023985,yes,Shotgun proteomics (PRIDE:0000429),,Shotgun proteomics (PRIDE:0000429),yes,no,yes
PXD024044,yes,Shotgun proteomics (PRIDE:0000429),,Shotgun proteomics (PRIDE:0000429),yes,no,yes
PXD024054,yes,Shotgun proteomics (PRIDE:0000429),,Shotgun proteomics (PRIDE:0000429),yes,no,yes
PXD024637,yes,Shotgun proteomics (PRIDE:0000429),,Shotgun proteomics (PRIDE:0000429),yes,no,yes
PXD024642,yes,Gel-based experiment (PRIDE:0000305),,Gel-based experiment (PRIDE:0000305),yes,no,yes
PXD024647,yes,Shotgun proteomics (PRIDE:0000429),,Shotgun proteomics (PRIDE:0000429),yes,no,yes
PXD024749,yes,Chemical cross-linking coupled with mass spectrometry proteomics (PRIDE:0000430),,Chemical cross-linking coupled with mass spectrometry proteomics (PRIDE:0000430),yes,no,yes
PXD025175,yes,Shotgun proteomics (PRIDE:0000429),,Shotgun proteomics (PRIDE:0000429),yes,no,yes
PXD025590,yes,Shotgun proteomics (PRIDE:0000429),,Shotgun proteomics (PRIDE:0000429),yes,no,yes
PXD025623,yes,Top-down proteomics (PRIDE:0000427),Human proteome project,Top-down proteomics (PRIDE:0000427) || Human proteome project,yes,yes,yes
PXD025757,yes,Shotgun proteomics (PRIDE:0000429),,Shotgun proteomics (PRIDE:0000429),yes,no,yes
PXD025776,yes,Shotgun proteomics (PRIDE:0000429),,Shotgun proteomics (PRIDE:0000429),yes,no,yes
PXD025803,yes,Shotgun proteomics (PRIDE:0000429),,Shotgun proteomics (PRIDE:0000429),yes,no,yes
PXD026139,yes,Top-down proteomics (PRIDE:0000427),,Top-down proteomics (PRIDE:0000427),yes,no,yes
PXD026142,yes,Top-down proteomics (PRIDE:0000427),,Top-down proteomics (PRIDE:0000427),yes,no,yes
PXD026512,yes,Affinity purification coupled with mass spectrometry proteomics (PRIDE:0000433),,Affinity purification coupled with mass spectrometry proteomics (PRIDE:0000433),yes,no,yes
PXD027015,yes,Gel-based experiment (PRIDE:0000305),,Gel-based experiment (PRIDE:0000305),yes,no,yes
PXD027053,yes,Gel-based experiment (PRIDE:0000305),,Gel-based experiment (PRIDE:0000305),yes,no,yes
PXD027352,yes,Affinity purification coupled with mass spectrometry proteomics (PRIDE:0000433),,Affinity purification coupled with mass spectrometry proteomics (PRIDE:0000433),yes,no,yes
PXD027640,yes,Shotgun proteomics (PRIDE:0000429),,Shotgun proteomics (PRIDE:0000429),yes,no,yes
PXD027729,yes,Shotgun proteomics (PRIDE:0000429),,Shotgun proteomics (PRIDE:0000429),yes,no,yes
PXD027841,yes,Gel-based experiment (PRIDE:0000305),,Gel-based experiment (PRIDE:0000305),yes,no,yes
PXD027882,yes,Gel-based experiment (PRIDE:0000305),Cancer (b/d-hpp) | Biology/disease-driven human proteome project (b/d-hpp) | Human proteome project,Gel-based experiment (PRIDE:0000305) || Cancer (b/d-hpp) | Biology/disease-driven human proteome project (b/d-hpp) | Human proteome project,yes,yes,yes
PXD028151,yes,Shotgun proteomics (PRIDE:0000429),,Shotgun proteomics (PRIDE:0000429),yes,no,yes
PXD028480,yes,Affinity purification coupled with mass spectrometry proteomics (PRIDE:0000433),,Affinity purification coupled with mass spectrometry proteomics (PRIDE:0000433),yes,no,yes
PXD029013,yes,Shotgun proteomics (PRIDE:0000429),,Shotgun proteomics (PRIDE:0000429),yes,no,yes
PXD029059,yes,Top-down proteomics (PRIDE:0000427),,Top-down proteomics (PRIDE:0000427),yes,no,yes
PXD029141,yes,Gel-based experiment (PRIDE:0000305),,Gel-based experiment (PRIDE:0000305),yes,no,yes
PXD029335,yes,Shotgun proteomics (PRIDE:0000429),,Shotgun proteomics (PRIDE:0000429),yes,no,yes
PXD029361,yes,Shotgun proteomics (PRIDE:0000429),,Shotgun proteomics (PRIDE:0000429),yes,no,yes
PXD029574,yes,Affinity purification coupled with mass spectrometry proteomics (PRIDE:0000433),,Affinity purification coupled with mass spectrometry proteomics (PRIDE:0000433),yes,no,yes
PXD029629,yes,Shotgun proteomics (PRIDE:0000429),,Shotgun proteomics (PRIDE:0000429),yes,no,yes
PXD029783,yes,Shotgun proteomics (PRIDE:0000429),,Shotgun proteomics (PRIDE:0000429),yes,no,yes
PXD030212,yes,Shotgun proteomics (PRIDE:0000429) | Affinity purification coupled with mass spectrometry proteomics (PRIDE:0000433),,Shotgun proteomics (PRIDE:0000429) | Affinity purification coupled with mass spectrometry proteomics (PRIDE:0000433),yes,no,yes
PXD030213,yes,Shotgun proteomics (PRIDE:0000429),,Shotgun proteomics (PRIDE:0000429),yes,no,yes
PXD030548,yes,Top-down proteomics (PRIDE:0000427),,Top-down proteomics (PRIDE:0000427),yes,no,yes
PXD030715,yes,Shotgun proteomics (PRIDE:0000429),,Shotgun proteomics (PRIDE:0000429),yes,no,yes
PXD030730,yes,Top-down proteomics (PRIDE:0000427),,Top-down proteomics (PRIDE:0000427),yes,no,yes
PXD030847,yes,Shotgun proteomics (PRIDE:0000429),,Shotgun proteomics (PRIDE:0000429),yes,no,yes
PXD030883,yes,Shotgun proteomics (PRIDE:0000429),,Shotgun proteomics (PRIDE:0000429),yes,no,yes
PXD030927,yes,Shotgun proteomics (PRIDE:0000429),,Shotgun proteomics (PRIDE:0000429),yes,no,yes
PXD030937,yes,Shotgun proteomics (PRIDE:0000429) | Gel-based experiment (PRIDE:0000305),,Shotgun proteomics (PRIDE:0000429) | Gel-based experiment (PRIDE:0000305),yes,no,yes
PXD030978,yes,Shotgun proteomics (PRIDE:0000429),,Shotgun proteomics (PRIDE:0000429),yes,no,yes
PXD031064,yes,Affinity purification coupled with mass spectrometry proteomics (PRIDE:0000433),,Affinity purification coupled with mass spectrometry proteomics (PRIDE:0000433),yes,no,yes
PXD031141,yes,Gel-based experiment (PRIDE:0000305),,Gel-based experiment (PRIDE:0000305),yes,no,yes
PXD031252,yes,Top-down proteomics (PRIDE:0000427),,Top-down proteomics (PRIDE:0000427),yes,no,yes
PXD031703,yes,Gel-based experiment (PRIDE:0000305),,Gel-based experiment (PRIDE:0000305),yes,no,yes
PXD031801,yes,Affinity purification coupled with mass spectrometry proteomics (PRIDE:0000433),,Affinity purification coupled with mass spectrometry proteomics (PRIDE:0000433),yes,no,yes
PXD031873,yes,Shotgun proteomics (PRIDE:0000429),,Shotgun proteomics (PRIDE:0000429),yes,no,yes
PXD031971,yes,Affinity purification coupled with mass spectrometry proteomics (PRIDE:0000433),,Affinity purification coupled with mass spectrometry proteomics (PRIDE:0000433),yes,no,yes
PXD032027,yes,Shotgun proteomics (PRIDE:0000429),,Shotgun proteomics (PRIDE:0000429),yes,no,yes
PXD032035,yes,Shotgun proteomics (PRIDE:0000429),Covid-19 | Sars-cov-2,Shotgun proteomics (PRIDE:0000429) || Covid-19 | Sars-cov-2,yes,yes,yes
PXD032086,yes,Shotgun proteomics (PRIDE:0000429),,Shotgun proteomics (PRIDE:0000429),yes,no,yes
PXD032144,yes,Top-down proteomics (PRIDE:0000427),,Top-down proteomics (PRIDE:0000427),yes,no,yes
PXD032209,yes,Affinity purification coupled with mass spectrometry proteomics (PRIDE:0000433),,Affinity purification coupled with mass spectrometry proteomics (PRIDE:0000433),yes,no,yes
PXD032360,yes,Affinity purification coupled with mass spectrometry proteomics (PRIDE:0000433),,Affinity purification coupled with mass spectrometry proteomics (PRIDE:0000433),yes,no,yes
PXD032738,yes,Shotgun proteomics (PRIDE:0000429),,Shotgun proteomics (PRIDE:0000429),yes,no,yes
PXD032931,yes,Shotgun proteomics (PRIDE:0000429),,Shotgun proteomics (PRIDE:0000429),yes,no,yes
PXD033047,yes,Shotgun proteomics (PRIDE:0000429),,Shotgun proteomics (PRIDE:0000429),yes,no,yes
PXD033099,yes,Shotgun proteomics (PRIDE:0000429),,Shotgun proteomics (PRIDE:0000429),yes,no,yes
PXD033112,yes,Shotgun proteomics (PRIDE:0000429),,Shotgun proteomics (PRIDE:0000429),yes,no,yes
PXD033196,yes,SRM/MRM (PRIDE:0000311),,SRM/MRM (PRIDE:0000311),yes,no,yes
PXD033342,yes,Shotgun proteomics (PRIDE:0000429) | Gel-based experiment (PRIDE:0000305),Covid-19 | Sars-cov-2,Shotgun proteomics (PRIDE:0000429) | Gel-based experiment (PRIDE:0000305) || Covid-19 | Sars-cov-2,yes,yes,yes
PXD033469,yes,Chemical cross-linking coupled with mass spectrometry proteomics (PRIDE:0000430),,Chemical cross-linking coupled with mass spectrometry proteomics (PRIDE:0000430),yes,no,yes
PXD033536,yes,Shotgun proteomics (PRIDE:0000429),Biology/disease-driven human proteome project (b/d-hpp) | Epigenetic chromatin (b/d-hpp) | Human proteome project,Shotgun proteomics (PRIDE:0000429) || Biology/disease-driven human proteome project (b/d-hpp) | Epigenetic chromatin (b/d-hpp) | Human proteome project,yes,yes,yes
PXD033924,yes,Shotgun proteomics (PRIDE:0000429),,Shotgun proteomics (PRIDE:0000429),yes,no,yes
PXD034074,yes,Shotgun proteomics (PRIDE:0000429),,Shotgun proteomics (PRIDE:0000429),yes,no,yes
PXD034134,yes,Shotgun proteomics (PRIDE:0000429),,Shotgun proteomics (PRIDE:0000429),yes,no,yes
PXD034576,yes,Affinity purification coupled with mass spectrometry proteomics (PRIDE:0000433),,Affinity purification coupled with mass spectrometry proteomics (PRIDE:0000433),yes,no,yes
PXD034583,yes,Shotgun proteomics (PRIDE:0000429),,Shotgun proteomics (PRIDE:0000429),yes,no,yes
PXD034594,yes,Shotgun proteomics (PRIDE:0000429),,Shotgun proteomics (PRIDE:0000429),yes,no,yes
PXD034865,yes,Gel-based experiment (PRIDE:0000305),,Gel-based experiment (PRIDE:0000305),yes,no,yes
PXD035048,yes,Top-down proteomics (PRIDE:0000427),,Top-down proteomics (PRIDE:0000427),yes,no,yes
PXD035650,yes,Shotgun proteomics (PRIDE:0000429),,Shotgun proteomics (PRIDE:0000429),yes,no,yes
PXD035722,yes,Shotgun proteomics (PRIDE:0000429),,Shotgun proteomics (PRIDE:0000429),yes,no,yes
PXD036005,yes,Shotgun proteomics (PRIDE:0000429),,Shotgun proteomics (PRIDE:0000429),yes,no,yes
PXD036192,yes,Shotgun proteomics (PRIDE:0000429),,Shotgun proteomics (PRIDE:0000429),yes,no,yes
PXD036197,yes,Shotgun proteomics (PRIDE:0000429),,Shotgun proteomics (PRIDE:0000429),yes,no,yes
PXD036200,yes,Shotgun proteomics (PRIDE:0000429),,Shotgun proteomics (PRIDE:0000429),yes,no,yes
PXD036430,yes,Affinity purification coupled with mass spectrometry proteomics (PRIDE:0000433),,Affinity purification coupled with mass spectrometry proteomics (PRIDE:0000433),yes,no,yes
PXD036634,yes,Gel-based experiment (PRIDE:0000305),,Gel-based experiment (PRIDE:0000305),yes,no,yes
PXD036675,yes,Shotgun proteomics (PRIDE:0000429),,Shotgun proteomics (PRIDE:0000429),yes,no,yes
PXD036708,yes,Shotgun proteomics (PRIDE:0000429) | Chemical cross-linking coupled with mass spectrometry proteomics (PRIDE:0000430),,Shotgun proteomics (PRIDE:0000429) | Chemical cross-linking coupled with mass spectrometry proteomics (PRIDE:0000430),yes,no,yes
PXD036779,yes,Shotgun proteomics (PRIDE:0000429),,Shotgun proteomics (PRIDE:0000429),yes,no,yes
PXD036966,yes,Shotgun proteomics (PRIDE:0000429),,Shotgun proteomics (PRIDE:0000429),yes,no,yes
PXD037001,yes,Shotgun proteomics (PRIDE:0000429),,Shotgun proteomics (PRIDE:0000429),yes,no,yes
PXD037474,yes,Affinity purification coupled with mass spectrometry proteomics (PRIDE:0000433),,Affinity purification coupled with mass spectrometry proteomics (PRIDE:0000433),yes,no,yes
PXD037907,yes,Affinity purification coupled with mass spectrometry proteomics (PRIDE:0000433),,Affinity purification coupled with mass spectrometry proteomics (PRIDE:0000433),yes,no,yes
PXD037955,yes,Shotgun proteomics (PRIDE:0000429),,Shotgun proteomics (PRIDE:0000429),yes,no,yes
PXD037990,yes,Shotgun proteomics (PRIDE:0000429),,Shotgun proteomics (PRIDE:0000429),yes,no,yes
PXD038126,yes,Shotgun proteomics (PRIDE:0000429),,Shotgun proteomics (PRIDE:0000429),yes,no,yes
PXD038818,yes,Shotgun proteomics (PRIDE:0000429),,Shotgun proteomics (PRIDE:0000429),yes,no,yes
PXD039035,yes,Shotgun proteomics (PRIDE:0000429),,Shotgun proteomics (PRIDE:0000429),yes,no,yes
PXD039053,yes,Shotgun proteomics (PRIDE:0000429),,Shotgun proteomics (PRIDE:0000429),yes,no,yes
PXD039226,yes,Shotgun proteomics (PRIDE:0000429),,Shotgun proteomics (PRIDE:0000429),yes,no,yes
PXD039267,yes,Shotgun proteomics (PRIDE:0000429),,Shotgun proteomics (PRIDE:0000429),yes,no,yes
PXD039332,yes,Affinity purification coupled with mass spectrometry proteomics (PRIDE:0000433),,Affinity purification coupled with mass spectrometry proteomics (PRIDE:0000433),yes,no,yes
PXD039394,yes,Gel-based experiment (PRIDE:0000305),,Gel-based experiment (PRIDE:0000305),yes,no,yes
PXD039401,yes,Shotgun proteomics (PRIDE:0000429),,Shotgun proteomics (PRIDE:0000429),yes,no,yes
PXD039780,yes,Affinity purification coupled with mass spectrometry proteomics (PRIDE:0000433),,Affinity purification coupled with mass spectrometry proteomics (PRIDE:0000433),yes,no,yes
PXD039849,yes,Affinity purification coupled with mass spectrometry proteomics (PRIDE:0000433),,Affinity purification coupled with mass spectrometry proteomics (PRIDE:0000433),yes,no,yes
PXD039939,yes,Chemical cross-linking coupled with mass spectrometry proteomics (PRIDE:0000430),,Chemical cross-linking coupled with mass spectrometry proteomics (PRIDE:0000430),yes,no,yes
PXD039998,yes,Shotgun proteomics (PRIDE:0000429) | Chemical cross-linking coupled with mass spectrometry proteomics (PRIDE:0000430),,Shotgun proteomics (PRIDE:0000429) | Chemical cross-linking coupled with mass spectrometry proteomics (PRIDE:0000430),yes,no,yes
PXD040180,yes,Gel-based experiment (PRIDE:0000305),,Gel-based experiment (PRIDE:0000305),yes,no,yes
PXD040208,yes,Shotgun proteomics (PRIDE:0000429),,Shotgun proteomics (PRIDE:0000429),yes,no,yes
PXD040772,yes,Shotgun proteomics (PRIDE:0000429),,Shotgun proteomics (PRIDE:0000429),yes,no,yes
PXD040899,yes,Shotgun proteomics (PRIDE:0000429),,Shotgun proteomics (PRIDE:0000429),yes,no,yes
PXD041051,yes,Affinity purification coupled with mass spectrometry proteomics (PRIDE:0000433),,Affinity purification coupled with mass spectrometry proteomics (PRIDE:0000433),yes,no,yes
PXD041514,yes,Gel-based experiment (PRIDE:0000305),,Gel-based experiment (PRIDE:0000305),yes,no,yes
PXD041561,yes,Shotgun proteomics (PRIDE:0000429),,Shotgun proteomics (PRIDE:0000429),yes,no,yes
PXD041775,yes,Shotgun proteomics (PRIDE:0000429),,Shotgun proteomics (PRIDE:0000429),yes,no,yes
PXD041782,yes,Shotgun proteomics (PRIDE:0000429),Cancer (b/d-hpp) | Human proteome project,Shotgun proteomics (PRIDE:0000429) || Cancer (b/d-hpp) | Human proteome project,yes,yes,yes
PXD042397,yes,Shotgun proteomics (PRIDE:0000429),,Shotgun proteomics (PRIDE:0000429),yes,no,yes
PXD042575,yes,Shotgun proteomics (PRIDE:0000429),,Shotgun proteomics (PRIDE:0000429),yes,no,yes
PXD042914,yes,Shotgun proteomics (PRIDE:0000429),,Shotgun proteomics (PRIDE:0000429),yes,no,yes
PXD043087,yes,Shotgun proteomics (PRIDE:0000429),,Shotgun proteomics (PRIDE:0000429),yes,no,yes
PXD043500,yes,Shotgun proteomics (PRIDE:0000429),,Shotgun proteomics (PRIDE:0000429),yes,no,yes
PXD043535,yes,Top-down proteomics (PRIDE:0000427),,Top-down proteomics (PRIDE:0000427),yes,no,yes
PXD043558,yes,Top-down proteomics (PRIDE:0000427),,Top-down proteomics (PRIDE:0000427),yes,no,yes
PXD043924,yes,Shotgun proteomics (PRIDE:0000429),,Shotgun proteomics (PRIDE:0000429),yes,no,yes
PXD044188,yes,Shotgun proteomics (PRIDE:0000429),,Shotgun proteomics (PRIDE:0000429),yes,no,yes
PXD044253,yes,Shotgun proteomics (PRIDE:0000429),Antibodies (b/d-hpp) | Biology/disease-driven human proteome project (b/d-hpp) | Human proteome project,Shotgun proteomics (PRIDE:0000429) || Antibodies (b/d-hpp) | Biology/disease-driven human proteome project (b/d-hpp) | Human proteome project,yes,yes,yes
PXD044254,yes,Shotgun proteomics (PRIDE:0000429),Antibodies (b/d-hpp) | Biology/disease-driven human proteome project (b/d-hpp) | Human proteome project,Shotgun proteomics (PRIDE:0000429) || Antibodies (b/d-hpp) | Biology/disease-driven human proteome project (b/d-hpp) | Human proteome project,yes,yes,yes
PXD044305,yes,Shotgun proteomics (PRIDE:0000429),,Shotgun proteomics (PRIDE:0000429),yes,no,yes
PXD044743,yes,Shotgun proteomics (PRIDE:0000429),,Shotgun proteomics (PRIDE:0000429),yes,no,yes
PXD044750,yes,Chemical cross-linking coupled with mass spectrometry proteomics (PRIDE:0000430),,Chemical cross-linking coupled with mass spectrometry proteomics (PRIDE:0000430),yes,no,yes
PXD044760,yes,Shotgun proteomics (PRIDE:0000429),,Shotgun proteomics (PRIDE:0000429),yes,no,yes
PXD044767,yes,Chemical cross-linking coupled with mass spectrometry proteomics (PRIDE:0000430),,Chemical cross-linking coupled with mass spectrometry proteomics (PRIDE:0000430),yes,no,yes
PXD044788,yes,Shotgun proteomics (PRIDE:0000429),,Shotgun proteomics (PRIDE:0000429),yes,no,yes
PXD044860,yes,Shotgun proteomics (PRIDE:0000429),,Shotgun proteomics (PRIDE:0000429),yes,no,yes
PXD045770,yes,Shotgun proteomics (PRIDE:0000429),,Shotgun proteomics (PRIDE:0000429),yes,no,yes
PXD047066,yes,Data-dependent acquisition (PRIDE:0000627),,Data-dependent acquisition (PRIDE:0000627),yes,no,yes
PXD047758,yes,Data-dependent acquisition (PRIDE:0000627),,Data-dependent acquisition (PRIDE:0000627),yes,no,yes
PXD047910,yes,Bottom-up proteomics (PRIDE:0000428) | Data-dependent acquisition (PRIDE:0000627),Antibodies (b/d-hpp) | Glycoproteomics (b/d-hpp),Bottom-up proteomics (PRIDE:0000428) | Data-dependent acquisition (PRIDE:0000627) || Antibodies (b/d-hpp) | Glycoproteomics (b/d-hpp),yes,yes,yes
PXD048381,yes,Bottom-up proteomics (PRIDE:0000428) | Data-dependent acquisition (PRIDE:0000627),,Bottom-up proteomics (PRIDE:0000428) | Data-dependent acquisition (PRIDE:0000627),yes,no,yes
PXD048451,yes,Proteogenomics (PRIDE:0000647),,Proteogenomics (PRIDE:0000647),yes,no,yes
PXD048763,yes,Bottom-up proteomics (PRIDE:0000428),,Bottom-up proteomics (PRIDE:0000428),yes,no,yes
PXD050085,yes,Bottom-up proteomics (PRIDE:0000428) | Data-dependent acquisition (PRIDE:0000627),,Bottom-up proteomics (PRIDE:0000428) | Data-dependent acquisition (PRIDE:0000627),yes,no,yes
PXD050244,yes,Bottom-up proteomics (PRIDE:0000428),,Bottom-up proteomics (PRIDE:0000428),yes,no,yes
PXD050400,yes,Immunopeptidomics (PRIDE:0000649),,Immunopeptidomics (PRIDE:0000649),yes,no,yes
PXD050745,yes,Data-independent acquisition (PRIDE:0000450),,Data-independent acquisition (PRIDE:0000450),yes,no,yes
PXD051371,yes,Bottom-up proteomics (PRIDE:0000428),,Bottom-up proteomics (PRIDE:0000428),yes,no,yes
PXD051954,yes,Bottom-up proteomics (PRIDE:0000428),,Bottom-up proteomics (PRIDE:0000428),yes,no,yes
PXD052214,yes,Data-dependent acquisition (PRIDE:0000627),,Data-dependent acquisition (PRIDE:0000627),yes,no,yes
PXD052900,yes,Top-down proteomics (PRIDE:0000427) | Bottom-up proteomics (PRIDE:0000428),,Top-down proteomics (PRIDE:0000427) | Bottom-up proteomics (PRIDE:0000428),yes,no,yes
PXD053088,yes,Data-dependent acquisition (PRIDE:0000627),,Data-dependent acquisition (PRIDE:0000627),yes,no,yes
PXD053091,yes,Data-independent acquisition (PRIDE:0000450),,Data-independent acquisition (PRIDE:0000450),yes,no,yes
PXD053260,yes,Data-dependent acquisition (PRIDE:0000627),,Data-dependent acquisition (PRIDE:0000627),yes,no,yes
PXD053289,yes,Bottom-up proteomics (PRIDE:0000428),,Bottom-up proteomics (PRIDE:0000428),yes,no,yes
PXD053353,yes,Data-independent acquisition (PRIDE:0000450),,Data-independent acquisition (PRIDE:0000450),yes,no,yes
PXD053582,yes,Chemical cross-linking coupled with mass spectrometry proteomics (PRIDE:0000430) | Bottom-up proteomics (PRIDE:0000428) | Data-dependent acquisition (PRIDE:0000627),,Chemical cross-linking coupled with mass spectrometry proteomics (PRIDE:0000430) | Bottom-up proteomics (PRIDE:0000428) | Data-dependent acquisition (PRIDE:0000627),yes,no,yes
PXD053919,yes,Affinity purification coupled with mass spectrometry proteomics (PRIDE:0000433),,Affinity purification coupled with mass spectrometry proteomics (PRIDE:0000433),yes,no,yes
PXD054249,yes,Bottom-up proteomics (PRIDE:0000428),,Bottom-up proteomics (PRIDE:0000428),yes,no,yes
PXD054439,yes,Bottom-up proteomics (PRIDE:0000428),,Bottom-up proteomics (PRIDE:0000428),yes,no,yes
PXD055145,yes,Gel-based experiment (PRIDE:0000305) | Bottom-up proteomics (PRIDE:0000428),,Gel-based experiment (PRIDE:0000305) | Bottom-up proteomics (PRIDE:0000428),yes,no,yes
PXD055157,yes,Bottom-up proteomics (PRIDE:0000428),,Bottom-up proteomics (PRIDE:0000428),yes,no,yes
PXD055741,yes,Bottom-up proteomics (PRIDE:0000428),,Bottom-up proteomics (PRIDE:0000428),yes,no,yes
PXD055868,yes,Bottom-up proteomics (PRIDE:0000428),Cancer (b/d-hpp) | Biology/disease-driven human proteome project (b/d-hpp) | Human proteome project,Bottom-up proteomics (PRIDE:0000428) || Cancer (b/d-hpp) | Biology/disease-driven human proteome project (b/d-hpp) | Human proteome project,yes,yes,yes
PXD055950,yes,Bottom-up proteomics (PRIDE:0000428) | Data-dependent acquisition (PRIDE:0000627),,Bottom-up proteomics (PRIDE:0000428) | Data-dependent acquisition (PRIDE:0000627),yes,no,yes
PXD056030,yes,Bottom-up proteomics (PRIDE:0000428) | Data-dependent acquisition (PRIDE:0000627),,Bottom-up proteomics (PRIDE:0000428) | Data-dependent acquisition (PRIDE:0000627),yes,no,yes
PXD056039,yes,Bottom-up proteomics (PRIDE:0000428),,Bottom-up proteomics (PRIDE:0000428),yes,no,yes
PXD056191,yes,Data-dependent acquisition (PRIDE:0000627),,Data-dependent acquisition (PRIDE:0000627),yes,no,yes
PXD056565,yes,Affinity proteomics (PRIDE:0000635),,Affinity proteomics (PRIDE:0000635),yes,no,yes
PXD056757,yes,Data-dependent acquisition (PRIDE:0000627),,Data-dependent acquisition (PRIDE:0000627),yes,no,yes
PXD056970,yes,Gel-based experiment (PRIDE:0000305) | Bottom-up proteomics (PRIDE:0000428) | Data-dependent acquisition (PRIDE:0000627),,Gel-based experiment (PRIDE:0000305) | Bottom-up proteomics (PRIDE:0000428) | Data-dependent acquisition (PRIDE:0000627),yes,no,yes
PXD057808,yes,Bottom-up proteomics (PRIDE:0000428),,Bottom-up proteomics (PRIDE:0000428),yes,no,yes
PXD057905,yes,Bottom-up proteomics (PRIDE:0000428) | Affinity purification coupled with mass spectrometry proteomics (PRIDE:0000433) | Data-dependent acquisition (PRIDE:0000627),,Bottom-up proteomics (PRIDE:0000428) | Affinity purification coupled with mass spectrometry proteomics (PRIDE:0000433) | Data-dependent acquisition (PRIDE:0000627),yes,no,yes
PXD058005,yes,Bottom-up proteomics (PRIDE:0000428),,Bottom-up proteomics (PRIDE:0000428),yes,no,yes
PXD058432,yes,Data-dependent acquisition (PRIDE:0000627),,Data-dependent acquisition (PRIDE:0000627),yes,no,yes
PXD059345,yes,Data-dependent acquisition (PRIDE:0000627),,Data-dependent acquisition (PRIDE:0000627),yes,no,yes
PXD060056,yes,Top-down proteomics (PRIDE:0000427),,Top-down proteomics (PRIDE:0000427),yes,no,yes
PXD060120,yes,Bottom-up proteomics (PRIDE:0000428),,Bottom-up proteomics (PRIDE:0000428),yes,no,yes
PXD060323,yes,Bottom-up proteomics (PRIDE:0000428) | Affinity purification coupled with mass spectrometry proteomics (PRIDE:0000433) | Data-dependent acquisition (PRIDE:0000627),,Bottom-up proteomics (PRIDE:0000428) | Affinity purification coupled with mass spectrometry proteomics (PRIDE:0000433) | Data-dependent acquisition (PRIDE:0000627),yes,no,yes
PXD060873,yes,Bottom-up proteomics (PRIDE:0000428),,Bottom-up proteomics (PRIDE:0000428),yes,no,yes
PXD060878,yes,Data-independent acquisition (PRIDE:0000450),,Data-independent acquisition (PRIDE:0000450),yes,no,yes
PXD061454,yes,Data-dependent acquisition (PRIDE:0000627),,Data-dependent acquisition (PRIDE:0000627),yes,no,yes
PXD061760,yes,Data-dependent acquisition (PRIDE:0000627),,Data-dependent acquisition (PRIDE:0000627),yes,no,yes
PXD063163,yes,Bottom-up proteomics (PRIDE:0000428),,Bottom-up proteomics (PRIDE:0000428),yes,no,yes
PXD064331,yes,Glycoproteomics (PRIDE:0000665),,Glycoproteomics (PRIDE:0000665),yes,no,yes
PXD064366,yes,Bottom-up proteomics (PRIDE:0000428),,Bottom-up proteomics (PRIDE:0000428),yes,no,yes
PXD065314,yes,Data-dependent acquisition (PRIDE:0000627),,Data-dependent acquisition (PRIDE:0000627),yes,no,yes
PXD065770,yes,Gel-based experiment (PRIDE:0000305),,Gel-based experiment (PRIDE:0000305),yes,no,yes
PXD067788,yes,Gel-based experiment (PRIDE:0000305),,Gel-based experiment (PRIDE:0000305),yes,no,yes
PXD067843,yes,Bottom-up proteomics (PRIDE:0000428),,Bottom-up proteomics (PRIDE:0000428),yes,no,yes
PXD068794,yes,Bottom-up proteomics (PRIDE:0000428),,Bottom-up proteomics (PRIDE:0000428),yes,no,yes
PXD069044,yes,Bottom-up proteomics (PRIDE:0000428) | Data-dependent acquisition (PRIDE:0000627),,Bottom-up proteomics (PRIDE:0000428) | Data-dependent acquisition (PRIDE:0000627),yes,no,yes
PXD069171,yes,Data-dependent acquisition (PRIDE:0000627),,Data-dependent acquisition (PRIDE:0000627),yes,no,yes
PXD069559,yes,Data-independent acquisition (PRIDE:0000450) | Bottom-up proteomics (PRIDE:0000428),,Data-independent acquisition (PRIDE:0000450) | Bottom-up proteomics (PRIDE:0000428),yes,no,yes
PXD070144,yes,Bottom-up proteomics (PRIDE:0000428),,Bottom-up proteomics (PRIDE:0000428),yes,no,yes
PXD070229,yes,Bottom-up proteomics (PRIDE:0000428),,Bottom-up proteomics (PRIDE:0000428),yes,no,yes
PXD072078,yes,Gel-based experiment (PRIDE:0000305),,Gel-based experiment (PRIDE:0000305),yes,no,yes
PXD073162,yes,Affinity purification coupled with mass spectrometry proteomics (PRIDE:0000433),,Affinity purification coupled with mass spectrometry proteomics (PRIDE:0000433),yes,no,yes
