pxd,in_pride_cache,instruments_raw,instruments_text,instruments_present
PXD001454,yes,"[{'@type': 'CvParam', 'cvLabel': 'MS', 'accession': 'MS:1001742', 'name': 'LTQ Orbitrap Velos', 'value': ''}]",LTQ Orbitrap Velos (MS:1001742),yes
PXD001805,yes,"[{'@type': 'CvParam', 'cvLabel': 'MS', 'accession': 'MS:1001911', 'name': 'Q Exactive'}]",Q Exactive (MS:1001911),yes
PXD002030,yes,"[{'@type': 'CvParam', 'cvLabel': 'MS', 'accession': 'MS:1001911', 'name': 'Q Exactive'}]",Q Exactive (MS:1001911),yes
PXD002120,yes,"[{'@type': 'CvParam', 'cvLabel': 'MS', 'accession': 'MS:1001742', 'name': 'LTQ Orbitrap Velos'}]",LTQ Orbitrap Velos (MS:1001742),yes
PXD002132,yes,"[{'@type': 'CvParam', 'cvLabel': 'MS', 'accession': 'MS:1001742', 'name': 'LTQ Orbitrap Velos'}]",LTQ Orbitrap Velos (MS:1001742),yes
PXD002337,yes,"[{'@type': 'CvParam', 'cvLabel': 'MS', 'accession': 'MS:1001911', 'name': 'Q Exactive'}]",Q Exactive (MS:1001911),yes
PXD002548,yes,"[{'@type': 'CvParam', 'cvLabel': 'MS', 'accession': 'MS:1001910', 'name': 'LTQ Orbitrap Elite'}]",LTQ Orbitrap Elite (MS:1001910),yes
PXD003356,yes,"[{'@type': 'CvParam', 'cvLabel': 'MS', 'accession': 'MS:1001742', 'name': 'LTQ Orbitrap Velos'}]",LTQ Orbitrap Velos (MS:1001742),yes
PXD003544,yes,"[{'@type': 'CvParam', 'cvLabel': 'MS', 'accession': 'MS:1001742', 'name': 'LTQ Orbitrap Velos'}]",LTQ Orbitrap Velos (MS:1001742),yes
PXD003772,yes,"[{'@type': 'CvParam', 'cvLabel': 'MS', 'accession': 'MS:1001911', 'name': 'Q Exactive'}]",Q Exactive (MS:1001911),yes
PXD004802,yes,"[{'@type': 'CvParam', 'cvLabel': 'MS', 'accession': 'MS:1001911', 'name': 'Q Exactive'}]",Q Exactive (MS:1001911),yes
PXD004983,yes,"[{'@type': 'CvParam', 'cvLabel': 'MS', 'accession': 'MS:1001742', 'name': 'LTQ Orbitrap Velos', 'value': ''}]",LTQ Orbitrap Velos (MS:1001742),yes
PXD004997,yes,"[{'@type': 'CvParam', 'cvLabel': 'MS', 'accession': 'MS:1001911', 'name': 'Q Exactive'}]",Q Exactive (MS:1001911),yes
PXD005048,yes,"[{'@type': 'CvParam', 'cvLabel': 'MS', 'accession': 'MS:1001742', 'name': 'LTQ Orbitrap Velos'}]",LTQ Orbitrap Velos (MS:1001742),yes
PXD005188,yes,"[{'@type': 'CvParam', 'cvLabel': 'MS', 'accession': 'MS:1001911', 'name': 'Q Exactive', 'value': ''}]",Q Exactive (MS:1001911),yes
PXD005463,yes,"[{'@type': 'CvParam', 'cvLabel': 'MS', 'accession': 'MS:1001911', 'name': 'Q Exactive', 'value': ''}]",Q Exactive (MS:1001911),yes
PXD005628,yes,"[{'@type': 'CvParam', 'cvLabel': 'MS', 'accession': 'MS:1001911', 'name': 'Q Exactive'}]",Q Exactive (MS:1001911),yes
PXD006156,yes,"[{'@type': 'CvParam', 'cvLabel': 'MS', 'accession': 'MS:1001742', 'name': 'LTQ Orbitrap Velos'}]",LTQ Orbitrap Velos (MS:1001742),yes
PXD006603,yes,"[{'@type': 'CvParam', 'cvLabel': 'MS', 'accession': 'MS:1001911', 'name': 'Q Exactive'}]",Q Exactive (MS:1001911),yes
PXD006738,yes,"[{'@type': 'CvParam', 'cvLabel': 'MS', 'accession': 'MS:1001911', 'name': 'Q Exactive'}]",Q Exactive (MS:1001911),yes
PXD006856,yes,"[{'@type': 'CvParam', 'cvLabel': 'MS', 'accession': 'MS:1002523', 'name': 'Q Exactive HF'}]",Q Exactive HF (MS:1002523),yes
PXD008108,yes,"[{'@type': 'CvParam', 'cvLabel': 'MS', 'accession': 'MS:1001742', 'name': 'LTQ Orbitrap Velos', 'value': ''}]",LTQ Orbitrap Velos (MS:1001742),yes
PXD008215,yes,"[{'@type': 'CvParam', 'cvLabel': 'MS', 'accession': 'MS:1001742', 'name': 'LTQ Orbitrap Velos'}]",LTQ Orbitrap Velos (MS:1001742),yes
PXD008245,yes,"[{'@type': 'CvParam', 'cvLabel': 'MS', 'accession': 'MS:1002732', 'name': 'Orbitrap Fusion Lumos'}]",Orbitrap Fusion Lumos (MS:1002732),yes
PXD008341,yes,"[{'@type': 'CvParam', 'cvLabel': 'MS', 'accession': 'MS:1001911', 'name': 'Q Exactive'}]",Q Exactive (MS:1001911),yes
PXD008842,yes,"[{'@type': 'CvParam', 'cvLabel': 'MS', 'accession': 'MS:1000477', 'name': '6410 Triple Quadrupole LC/MS'}]",6410 Triple Quadrupole LC/MS (MS:1000477),yes
PXD009266,yes,"[{'@type': 'CvParam', 'cvLabel': 'MS', 'accession': 'MS:1001911', 'name': 'Q Exactive'}]",Q Exactive (MS:1001911),yes
PXD009281,yes,"[{'@type': 'CvParam', 'cvLabel': 'MS', 'accession': 'MS:1001911', 'name': 'Q Exactive'}]",Q Exactive (MS:1001911),yes
PXD009298,yes,"[{'@type': 'CvParam', 'cvLabel': 'MS', 'accession': 'MS:1001911', 'name': 'Q Exactive', 'value': ''}]",Q Exactive (MS:1001911),yes
PXD009375,yes,"[{'@type': 'CvParam', 'cvLabel': 'MS', 'accession': 'MS:1001911', 'name': 'Q Exactive'}]",Q Exactive (MS:1001911),yes
PXD009584,yes,"[{'@type': 'CvParam', 'cvLabel': 'MS', 'accession': 'MS:1001911', 'name': 'Q Exactive'}]",Q Exactive (MS:1001911),yes
PXD009777,yes,"[{'@type': 'CvParam', 'cvLabel': 'MS', 'accession': 'MS:1000932', 'name': 'TripleTOF 5600', 'value': ''}, {'@type': 'CvParam', 'cvLabel': 'MS', 'accession': 'MS:1002732', 'name': 'Orbitrap Fusion Lumos', 'value': ''}]",TripleTOF 5600 (MS:1000932) | Orbitrap Fusion Lumos (MS:1002732),yes
PXD009864,yes,"[{'@type': 'CvParam', 'cvLabel': 'MS', 'accession': 'MS:1001911', 'name': 'Q Exactive'}]",Q Exactive (MS:1001911),yes
PXD010217,yes,"[{'@type': 'CvParam', 'cvLabel': 'MS', 'accession': 'MS:1001911', 'name': 'Q Exactive'}]",Q Exactive (MS:1001911),yes
PXD010952,yes,"[{'@type': 'CvParam', 'cvLabel': 'MS', 'accession': 'MS:1002634', 'name': 'Q Exactive Plus'}]",Q Exactive Plus (MS:1002634),yes
PXD010963,yes,"[{'@type': 'CvParam', 'cvLabel': 'MS', 'accession': 'MS:1001911', 'name': 'Q Exactive'}]",Q Exactive (MS:1001911),yes
PXD011237,yes,"[{'@type': 'CvParam', 'cvLabel': 'MS', 'accession': 'MS:1001911', 'name': 'Q Exactive'}]",Q Exactive (MS:1001911),yes
PXD011241,yes,"[{'@type': 'CvParam', 'cvLabel': 'MS', 'accession': 'MS:1001910', 'name': 'LTQ Orbitrap Elite'}]",LTQ Orbitrap Elite (MS:1001910),yes
PXD011507,yes,"[{'@type': 'CvParam', 'cvLabel': 'MS', 'accession': 'MS:1001910', 'name': 'LTQ Orbitrap Elite', 'value': ''}]",LTQ Orbitrap Elite (MS:1001910),yes
PXD011542,yes,"[{'@type': 'CvParam', 'cvLabel': 'MS', 'accession': 'MS:1001910', 'name': 'LTQ Orbitrap Elite'}]",LTQ Orbitrap Elite (MS:1001910),yes
PXD011863,yes,"[{'@type': 'CvParam', 'cvLabel': 'MS', 'accession': 'MS:1001910', 'name': 'LTQ Orbitrap Elite', 'value': ''}]",LTQ Orbitrap Elite (MS:1001910),yes
PXD011986,yes,"[{'@type': 'CvParam', 'cvLabel': 'MS', 'accession': 'MS:1001911', 'name': 'Q Exactive'}]",Q Exactive (MS:1001911),yes
PXD011999,yes,"[{'@type': 'CvParam', 'cvLabel': 'MS', 'accession': 'MS:1001911', 'name': 'Q Exactive'}]",Q Exactive (MS:1001911),yes
PXD012068,yes,"[{'@type': 'CvParam', 'cvLabel': 'MS', 'accession': 'MS:1001911', 'name': 'Q Exactive'}]",Q Exactive (MS:1001911),yes
PXD012337,yes,"[{'@type': 'CvParam', 'cvLabel': 'MS', 'accession': 'MS:1001911', 'name': 'Q Exactive'}]",Q Exactive (MS:1001911),yes
PXD012723,yes,"[{'@type': 'CvParam', 'cvLabel': 'MS', 'accession': 'MS:1001911', 'name': 'Q Exactive'}]",Q Exactive (MS:1001911),yes
PXD012811,yes,"[{'@type': 'CvParam', 'cvLabel': 'MS', 'accession': 'MS:1001911', 'name': 'Q Exactive', 'value': ''}]",Q Exactive (MS:1001911),yes
PXD013216,yes,"[{'@type': 'CvParam', 'cvLabel': 'MS', 'accession': 'MS:1002523', 'name': 'Q Exactive HF', 'value': ''}]",Q Exactive HF (MS:1002523),yes
PXD013432,yes,"[{'@type': 'CvParam', 'cvLabel': 'MS', 'accession': 'MS:1002732', 'name': 'Orbitrap Fusion Lumos'}]",Orbitrap Fusion Lumos (MS:1002732),yes
PXD013517,yes,"[{'@type': 'CvParam', 'cvLabel': 'MS', 'accession': 'MS:1001911', 'name': 'Q Exactive'}]",Q Exactive (MS:1001911),yes
PXD013599,yes,"[{'@type': 'CvParam', 'cvLabel': 'MS', 'accession': 'MS:1001911', 'name': 'Q Exactive'}]",Q Exactive (MS:1001911),yes
PXD013685,yes,"[{'@type': 'CvParam', 'cvLabel': 'MS', 'accession': 'MS:1001911', 'name': 'Q Exactive'}]",Q Exactive (MS:1001911),yes
PXD013836,yes,"[{'@type': 'CvParam', 'cvLabel': 'MS', 'accession': 'MS:1001911', 'name': 'Q Exactive'}]",Q Exactive (MS:1001911),yes
PXD014164,yes,"[{'@type': 'CvParam', 'cvLabel': 'MS', 'accession': 'MS:1001911', 'name': 'Q Exactive'}]",Q Exactive (MS:1001911),yes
PXD014472,yes,"[{'@type': 'CvParam', 'cvLabel': 'MS', 'accession': 'MS:1002523', 'name': 'Q Exactive HF'}]",Q Exactive HF (MS:1002523),yes
PXD014738,yes,"[{'@type': 'CvParam', 'cvLabel': 'MS', 'accession': 'MS:1001911', 'name': 'Q Exactive'}]",Q Exactive (MS:1001911),yes
PXD015234,yes,"[{'@type': 'CvParam', 'cvLabel': 'MS', 'accession': 'MS:1002634', 'name': 'Q Exactive Plus'}]",Q Exactive Plus (MS:1002634),yes
PXD015445,yes,"[{'@type': 'CvParam', 'cvLabel': 'MS', 'accession': 'MS:1001911', 'name': 'Q Exactive'}]",Q Exactive (MS:1001911),yes
PXD015790,yes,"[{'@type': 'CvParam', 'cvLabel': 'MS', 'accession': 'MS:1001911', 'name': 'Q Exactive', 'value': ''}]",Q Exactive (MS:1001911),yes
PXD015800,yes,"[{'@type': 'CvParam', 'cvLabel': 'MS', 'accession': 'MS:1001742', 'name': 'LTQ Orbitrap Velos'}]",LTQ Orbitrap Velos (MS:1001742),yes
PXD016311,yes,"[{'@type': 'CvParam', 'cvLabel': 'MS', 'accession': 'MS:1001911', 'name': 'Q Exactive'}]",Q Exactive (MS:1001911),yes
PXD016385,yes,"[{'@type': 'CvParam', 'cvLabel': 'MS', 'accession': 'MS:1001911', 'name': 'Q Exactive'}]",Q Exactive (MS:1001911),yes
PXD016814,yes,"[{'@type': 'CvParam', 'cvLabel': 'MS', 'accession': 'MS:1001911', 'name': 'Q Exactive'}]",Q Exactive (MS:1001911),yes
PXD016858,yes,"[{'@type': 'CvParam', 'cvLabel': 'MS', 'accession': 'MS:1001911', 'name': 'Q Exactive', 'value': ''}]",Q Exactive (MS:1001911),yes
PXD016919,yes,"[{'@type': 'CvParam', 'cvLabel': 'MS', 'accession': 'MS:1002732', 'name': 'Orbitrap Fusion Lumos', 'value': ''}]",Orbitrap Fusion Lumos (MS:1002732),yes
PXD017229,yes,"[{'@type': 'CvParam', 'cvLabel': 'MS', 'accession': 'MS:1001911', 'name': 'Q Exactive'}]",Q Exactive (MS:1001911),yes
PXD017293,yes,"[{'@type': 'CvParam', 'cvLabel': 'MS', 'accession': 'MS:1001910', 'name': 'LTQ Orbitrap Elite'}]",LTQ Orbitrap Elite (MS:1001910),yes
PXD017347,yes,"[{'@type': 'CvParam', 'cvLabel': 'MS', 'accession': 'MS:1002634', 'name': 'Q Exactive Plus'}]",Q Exactive Plus (MS:1002634),yes
PXD017351,yes,"[{'@type': 'CvParam', 'cvLabel': 'MS', 'accession': 'MS:1001911', 'name': 'Q Exactive'}]",Q Exactive (MS:1001911),yes
PXD017376,yes,"[{'@type': 'CvParam', 'cvLabel': 'MS', 'accession': 'MS:1002416', 'name': 'Orbitrap Fusion'}]",Orbitrap Fusion (MS:1002416),yes
PXD017670,yes,"[{'@type': 'CvParam', 'cvLabel': 'MS', 'accession': 'MS:1001911', 'name': 'Q Exactive', 'value': ''}]",Q Exactive (MS:1001911),yes
PXD017772,yes,"[{'@type': 'CvParam', 'cvLabel': 'MS', 'accession': 'MS:1002877', 'name': 'Q Exactive HF-X'}]",Q Exactive HF-X (MS:1002877),yes
PXD018021,yes,"[{'@type': 'CvParam', 'cvLabel': 'MS', 'accession': 'MS:1002523', 'name': 'Q Exactive HF'}]",Q Exactive HF (MS:1002523),yes
PXD018112,yes,"[{'@type': 'CvParam', 'cvLabel': 'MS', 'accession': 'MS:1001911', 'name': 'Q Exactive', 'value': ''}]",Q Exactive (MS:1001911),yes
PXD018749,yes,"[{'@type': 'CvParam', 'cvLabel': 'MS', 'accession': 'MS:1001742', 'name': 'LTQ Orbitrap Velos'}]",LTQ Orbitrap Velos (MS:1001742),yes
PXD018851,yes,"[{'@type': 'CvParam', 'cvLabel': 'MS', 'accession': 'MS:1002523', 'name': 'Q Exactive HF'}]",Q Exactive HF (MS:1002523),yes
PXD019119,yes,"[{'@type': 'CvParam', 'cvLabel': 'MS', 'accession': 'MS:1002523', 'name': 'Q Exactive HF'}]",Q Exactive HF (MS:1002523),yes
PXD019302,yes,"[{'@type': 'CvParam', 'cvLabel': 'MS', 'accession': 'MS:1001911', 'name': 'Q Exactive'}]",Q Exactive (MS:1001911),yes
PXD019412,yes,"[{'@type': 'CvParam', 'cvLabel': 'MS', 'accession': 'MS:1001911', 'name': 'Q Exactive'}]",Q Exactive (MS:1001911),yes
PXD019470,yes,"[{'@type': 'CvParam', 'cvLabel': 'MS', 'accession': 'MS:1001742', 'name': 'LTQ Orbitrap Velos', 'value': ''}]",LTQ Orbitrap Velos (MS:1001742),yes
PXD020090,yes,"[{'@type': 'CvParam', 'cvLabel': 'MS', 'accession': 'MS:1001910', 'name': 'LTQ Orbitrap Elite'}]",LTQ Orbitrap Elite (MS:1001910),yes
PXD020190,yes,"[{'@type': 'CvParam', 'cvLabel': 'MS', 'accession': 'MS:1001911', 'name': 'Q Exactive'}]",Q Exactive (MS:1001911),yes
PXD020332,yes,"[{'@type': 'CvParam', 'cvLabel': 'MS', 'accession': 'MS:1002523', 'name': 'Q Exactive HF'}]",Q Exactive HF (MS:1002523),yes
PXD020418,yes,"[{'@type': 'CvParam', 'cvLabel': 'MS', 'accession': 'MS:1002416', 'name': 'Orbitrap Fusion'}]",Orbitrap Fusion (MS:1002416),yes
PXD020482,yes,"[{'@type': 'CvParam', 'cvLabel': 'MS', 'accession': 'MS:1000187', 'name': 'Q TRAP', 'value': ''}, {'@type': 'CvParam', 'cvLabel': 'MS', 'accession': 'MS:1002523', 'name': 'Q Exactive HF', 'value': ''}]",Q TRAP (MS:1000187) | Q Exactive HF (MS:1002523),yes
PXD020585,yes,"[{'@type': 'CvParam', 'cvLabel': 'MS', 'accession': 'MS:1002732', 'name': 'Orbitrap Fusion Lumos'}]",Orbitrap Fusion Lumos (MS:1002732),yes
PXD020819,yes,"[{'@type': 'CvParam', 'cvLabel': 'MS', 'accession': 'MS:1002523', 'name': 'Q Exactive HF'}]",Q Exactive HF (MS:1002523),yes
PXD021039,yes,"[{'@type': 'CvParam', 'cvLabel': 'MS', 'accession': 'MS:1001911', 'name': 'Q Exactive'}]",Q Exactive (MS:1001911),yes
PXD021186,yes,"[{'@type': 'CvParam', 'cvLabel': 'MS', 'accession': 'MS:1001911', 'name': 'Q Exactive'}]",Q Exactive (MS:1001911),yes
PXD021192,yes,"[{'@type': 'CvParam', 'cvLabel': 'MS', 'accession': 'MS:1002416', 'name': 'Orbitrap Fusion'}]",Orbitrap Fusion (MS:1002416),yes
PXD021328,yes,"[{'@type': 'CvParam', 'cvLabel': 'MS', 'accession': 'MS:1002523', 'name': 'Q Exactive HF', 'value': ''}]",Q Exactive HF (MS:1002523),yes
PXD021423,yes,"[{'@type': 'CvParam', 'cvLabel': 'MS', 'accession': 'MS:1001911', 'name': 'Q Exactive'}]",Q Exactive (MS:1001911),yes
PXD021444,yes,"[{'@type': 'CvParam', 'cvLabel': 'MS', 'accession': 'MS:1002416', 'name': 'Orbitrap Fusion'}]",Orbitrap Fusion (MS:1002416),yes
PXD021514,yes,"[{'@type': 'CvParam', 'cvLabel': 'MS', 'accession': 'MS:1002732', 'name': 'Orbitrap Fusion Lumos'}, {'@type': 'CvParam', 'cvLabel': 'MS', 'accession': 'MS:1002416', 'name': 'Orbitrap Fusion'}]",Orbitrap Fusion Lumos (MS:1002732) | Orbitrap Fusion (MS:1002416),yes
PXD021662,yes,"[{'@type': 'CvParam', 'cvLabel': 'MS', 'accession': 'MS:1002732', 'name': 'Orbitrap Fusion Lumos'}]",Orbitrap Fusion Lumos (MS:1002732),yes
PXD021678,yes,"[{'@type': 'CvParam', 'cvLabel': 'MS', 'accession': 'MS:1001910', 'name': 'LTQ Orbitrap Elite'}]",LTQ Orbitrap Elite (MS:1001910),yes
PXD021970,yes,"[{'@type': 'CvParam', 'cvLabel': 'MS', 'accession': 'MS:1002634', 'name': 'Q Exactive Plus'}]",Q Exactive Plus (MS:1002634),yes
PXD022037,yes,"[{'@type': 'CvParam', 'cvLabel': 'MS', 'accession': 'MS:1002523', 'name': 'Q Exactive HF'}]",Q Exactive HF (MS:1002523),yes
PXD022113,yes,"[{'@type': 'CvParam', 'cvLabel': 'MS', 'accession': 'MS:1002634', 'name': 'Q Exactive Plus'}]",Q Exactive Plus (MS:1002634),yes
PXD022606,yes,"[{'@type': 'CvParam', 'cvLabel': 'MS', 'accession': 'MS:1001911', 'name': 'Q Exactive'}]",Q Exactive (MS:1001911),yes
PXD022888,yes,"[{'@type': 'CvParam', 'cvLabel': 'MS', 'accession': 'MS:1002732', 'name': 'Orbitrap Fusion Lumos', 'value': ''}]",Orbitrap Fusion Lumos (MS:1002732),yes
PXD023032,yes,"[{'@type': 'CvParam', 'cvLabel': 'MS', 'accession': 'MS:1001911', 'name': 'Q Exactive'}]",Q Exactive (MS:1001911),yes
PXD023258,yes,"[{'@type': 'CvParam', 'cvLabel': 'MS', 'accession': 'MS:1002634', 'name': 'Q Exactive Plus'}]",Q Exactive Plus (MS:1002634),yes
PXD023759,yes,"[{'@type': 'CvParam', 'cvLabel': 'MS', 'accession': 'MS:1001910', 'name': 'LTQ Orbitrap Elite'}]",LTQ Orbitrap Elite (MS:1001910),yes
PXD023860,yes,"[{'@type': 'CvParam', 'cvLabel': 'MS', 'accession': 'MS:1001911', 'name': 'Q Exactive'}]",Q Exactive (MS:1001911),yes
PXD023906,yes,"[{'@type': 'CvParam', 'cvLabel': 'MS', 'accession': 'MS:1001911', 'name': 'Q Exactive', 'value': ''}]",Q Exactive (MS:1001911),yes
PXD023959,yes,"[{'@type': 'CvParam', 'cvLabel': 'MS', 'accession': 'MS:1002732', 'name': 'Orbitrap Fusion Lumos', 'value': ''}]",Orbitrap Fusion Lumos (MS:1002732),yes
PXD023985,yes,"[{'@type': 'CvParam', 'cvLabel': 'MS', 'accession': 'MS:1002634', 'name': 'Q Exactive Plus'}]",Q Exactive Plus (MS:1002634),yes
PXD024044,yes,"[{'@type': 'CvParam', 'cvLabel': 'MS', 'accession': 'MS:1002523', 'name': 'Q Exactive HF'}]",Q Exactive HF (MS:1002523),yes
PXD024054,yes,"[{'@type': 'CvParam', 'cvLabel': 'MS', 'accession': 'MS:1002523', 'name': 'Q Exactive HF', 'value': ''}]",Q Exactive HF (MS:1002523),yes
PXD024637,yes,"[{'@type': 'CvParam', 'cvLabel': 'MS', 'accession': 'MS:1002523', 'name': 'Q Exactive HF'}]",Q Exactive HF (MS:1002523),yes
PXD024642,yes,"[{'@type': 'CvParam', 'cvLabel': 'MS', 'accession': 'MS:1000449', 'name': 'LTQ Orbitrap'}]",LTQ Orbitrap (MS:1000449),yes
PXD024647,yes,"[{'@type': 'CvParam', 'cvLabel': 'MS', 'accession': 'MS:1002523', 'name': 'Q Exactive HF'}]",Q Exactive HF (MS:1002523),yes
PXD024749,yes,"[{'@type': 'CvParam', 'cvLabel': 'MS', 'accession': 'MS:1002523', 'name': 'Q Exactive HF'}]",Q Exactive HF (MS:1002523),yes
PXD025175,yes,"[{'@type': 'CvParam', 'cvLabel': 'MS', 'accession': 'MS:1001911', 'name': 'Q Exactive', 'value': ''}]",Q Exactive (MS:1001911),yes
PXD025590,yes,"[{'@type': 'CvParam', 'cvLabel': 'MS', 'accession': 'MS:1002732', 'name': 'Orbitrap Fusion Lumos'}, {'@type': 'CvParam', 'cvLabel': 'MS', 'accession': 'MS:1001742', 'name': 'LTQ Orbitrap Velos'}]",Orbitrap Fusion Lumos (MS:1002732) | LTQ Orbitrap Velos (MS:1001742),yes
PXD025623,yes,"[{'@type': 'CvParam', 'cvLabel': 'MS', 'accession': 'MS:1000447', 'name': 'LTQ'}]",LTQ (MS:1000447),yes
PXD025757,yes,"[{'@type': 'CvParam', 'cvLabel': 'MS', 'accession': 'MS:1002523', 'name': 'Q Exactive HF'}]",Q Exactive HF (MS:1002523),yes
PXD025776,yes,"[{'@type': 'CvParam', 'cvLabel': 'MS', 'accession': 'MS:1002732', 'name': 'Orbitrap Fusion Lumos'}]",Orbitrap Fusion Lumos (MS:1002732),yes
PXD025803,yes,"[{'@type': 'CvParam', 'cvLabel': 'MS', 'accession': 'MS:1002523', 'name': 'Q Exactive HF', 'value': ''}]",Q Exactive HF (MS:1002523),yes
PXD026139,yes,"[{'@type': 'CvParam', 'cvLabel': 'MS', 'accession': 'MS:1001910', 'name': 'LTQ Orbitrap Elite', 'value': ''}]",LTQ Orbitrap Elite (MS:1001910),yes
PXD026142,yes,"[{'@type': 'CvParam', 'cvLabel': 'MS', 'accession': 'MS:1001910', 'name': 'LTQ Orbitrap Elite', 'value': ''}]",LTQ Orbitrap Elite (MS:1001910),yes
PXD026512,yes,"[{'@type': 'CvParam', 'cvLabel': 'MS', 'accession': 'MS:1001911', 'name': 'Q Exactive'}]",Q Exactive (MS:1001911),yes
PXD027015,yes,"[{'@type': 'CvParam', 'cvLabel': 'MS', 'accession': 'MS:1001911', 'name': 'Q Exactive'}]",Q Exactive (MS:1001911),yes
PXD027053,yes,"[{'@type': 'CvParam', 'cvLabel': 'MS', 'accession': 'MS:1002523', 'name': 'Q Exactive HF'}]",Q Exactive HF (MS:1002523),yes
PXD027352,yes,"[{'@type': 'CvParam', 'cvLabel': 'MS', 'accession': 'MS:1002732', 'name': 'Orbitrap Fusion Lumos'}]",Orbitrap Fusion Lumos (MS:1002732),yes
PXD027640,yes,"[{'@type': 'CvParam', 'cvLabel': 'MS', 'accession': 'MS:1001911', 'name': 'Q Exactive'}]",Q Exactive (MS:1001911),yes
PXD027729,yes,"[{'@type': 'CvParam', 'cvLabel': 'MS', 'accession': 'MS:1002634', 'name': 'Q Exactive Plus'}]",Q Exactive Plus (MS:1002634),yes
PXD027841,yes,"[{'@type': 'CvParam', 'cvLabel': 'MS', 'accession': 'MS:1001911', 'name': 'Q Exactive'}]",Q Exactive (MS:1001911),yes
PXD027882,yes,"[{'@type': 'CvParam', 'cvLabel': 'MS', 'accession': 'MS:1000449', 'name': 'LTQ Orbitrap'}]",LTQ Orbitrap (MS:1000449),yes
PXD028151,yes,"[{'@type': 'CvParam', 'cvLabel': 'MS', 'accession': 'MS:1002523', 'name': 'Q Exactive HF'}]",Q Exactive HF (MS:1002523),yes
PXD028480,yes,"[{'@type': 'CvParam', 'cvLabel': 'MS', 'accession': 'MS:1002732', 'name': 'Orbitrap Fusion Lumos', 'value': ''}]",Orbitrap Fusion Lumos (MS:1002732),yes
PXD029013,yes,"[{'@type': 'CvParam', 'cvLabel': 'MS', 'accession': 'MS:1002523', 'name': 'Q Exactive HF', 'value': ''}]",Q Exactive HF (MS:1002523),yes
PXD029059,yes,"[{'@type': 'CvParam', 'cvLabel': 'MS', 'accession': 'MS:1002877', 'name': 'Q Exactive HF-X'}]",Q Exactive HF-X (MS:1002877),yes
PXD029141,yes,"[{'@type': 'CvParam', 'cvLabel': 'MS', 'accession': 'MS:1000449', 'name': 'LTQ Orbitrap'}]",LTQ Orbitrap (MS:1000449),yes
PXD029335,yes,"[{'@type': 'CvParam', 'cvLabel': 'MS', 'accession': 'MS:1002523', 'name': 'Q Exactive HF'}]",Q Exactive HF (MS:1002523),yes
PXD029361,yes,"[{'@type': 'CvParam', 'cvLabel': 'MS', 'accession': 'MS:1001911', 'name': 'Q Exactive'}]",Q Exactive (MS:1001911),yes
PXD029574,yes,"[{'@type': 'CvParam', 'cvLabel': 'MS', 'accession': 'MS:1001911', 'name': 'Q Exactive'}]",Q Exactive (MS:1001911),yes
PXD029629,yes,"[{'@type': 'CvParam', 'cvLabel': 'MS', 'accession': 'MS:1002523', 'name': 'Q Exactive HF', 'value': ''}]",Q Exactive HF (MS:1002523),yes
PXD029783,yes,"[{'@type': 'CvParam', 'cvLabel': 'MS', 'accession': 'MS:1002523', 'name': 'Q Exactive HF'}]",Q Exactive HF (MS:1002523),yes
PXD030212,yes,"[{'@type': 'CvParam', 'cvLabel': 'MS', 'accession': 'MS:1003028', 'name': 'Orbitrap Exploris 480', 'value': ''}]",Orbitrap Exploris 480 (MS:1003028),yes
PXD030213,yes,"[{'@type': 'CvParam', 'cvLabel': 'MS', 'accession': 'MS:1003028', 'name': 'Orbitrap Exploris 480'}]",Orbitrap Exploris 480 (MS:1003028),yes
PXD030548,yes,"[{'@type': 'CvParam', 'cvLabel': 'MS', 'accession': 'MS:1001910', 'name': 'LTQ Orbitrap Elite'}]",LTQ Orbitrap Elite (MS:1001910),yes
PXD030715,yes,"[{'@type': 'CvParam', 'cvLabel': 'MS', 'accession': 'MS:1001911', 'name': 'Q Exactive'}]",Q Exactive (MS:1001911),yes
PXD030730,yes,"[{'@type': 'CvParam', 'cvLabel': 'MS', 'accession': 'MS:1001911', 'name': 'Q Exactive'}]",Q Exactive (MS:1001911),yes
PXD030847,yes,"[{'@type': 'CvParam', 'cvLabel': 'MS', 'accession': 'MS:1002732', 'name': 'Orbitrap Fusion Lumos'}, {'@type': 'CvParam', 'cvLabel': 'MS', 'accession': 'MS:1001911', 'name': 'Q Exactive'}, {'@type': 'CvParam', 'cvLabel': 'MS', 'accession': 'MS:1002523', 'name': 'Q Exactive HF'}]",Orbitrap Fusion Lumos (MS:1002732) | Q Exactive (MS:1001911) | Q Exactive HF (MS:1002523),yes
PXD030883,yes,"[{'@type': 'CvParam', 'cvLabel': 'MS', 'accession': 'MS:1002523', 'name': 'Q Exactive HF'}]",Q Exactive HF (MS:1002523),yes
PXD030927,yes,"[{'@type': 'CvParam', 'cvLabel': 'MS', 'accession': 'MS:1003028', 'name': 'Orbitrap Exploris 480'}]",Orbitrap Exploris 480 (MS:1003028),yes
PXD030937,yes,"[{'@type': 'CvParam', 'cvLabel': 'MS', 'accession': 'MS:1002523', 'name': 'Q Exactive HF'}]",Q Exactive HF (MS:1002523),yes
PXD030978,yes,"[{'@type': 'CvParam', 'cvLabel': 'MS', 'accession': 'MS:1002732', 'name': 'Orbitrap Fusion Lumos', 'value': ''}]",Orbitrap Fusion Lumos (MS:1002732),yes
PXD031064,yes,"[{'@type': 'CvParam', 'cvLabel': 'MS', 'accession': 'MS:1000932', 'name': 'TripleTOF 5600'}]",TripleTOF 5600 (MS:1000932),yes
PXD031141,yes,"[{'@type': 'CvParam', 'cvLabel': 'MS', 'accession': 'MS:1001911', 'name': 'Q Exactive'}]",Q Exactive (MS:1001911),yes
PXD031252,yes,"[{'@type': 'CvParam', 'cvLabel': 'MS', 'accession': 'MS:1001910', 'name': 'LTQ Orbitrap Elite'}]",LTQ Orbitrap Elite (MS:1001910),yes
PXD031703,yes,"[{'@type': 'CvParam', 'cvLabel': 'MS', 'accession': 'MS:1001742', 'name': 'LTQ Orbitrap Velos'}]",LTQ Orbitrap Velos (MS:1001742),yes
PXD031801,yes,"[{'@type': 'CvParam', 'cvLabel': 'MS', 'accession': 'MS:1002732', 'name': 'Orbitrap Fusion Lumos'}]",Orbitrap Fusion Lumos (MS:1002732),yes
PXD031873,yes,"[{'@type': 'CvParam', 'cvLabel': 'MS', 'accession': 'MS:1001911', 'name': 'Q Exactive'}]",Q Exactive (MS:1001911),yes
PXD031971,yes,"[{'@type': 'CvParam', 'cvLabel': 'MS', 'accession': 'MS:1002523', 'name': 'Q Exactive HF'}]",Q Exactive HF (MS:1002523),yes
PXD032027,yes,"[{'@type': 'CvParam', 'cvLabel': 'MS', 'accession': 'MS:1002416', 'name': 'Orbitrap Fusion'}]",Orbitrap Fusion (MS:1002416),yes
PXD032035,yes,"[{'@type': 'CvParam', 'cvLabel': 'MS', 'accession': 'MS:1003028', 'name': 'Orbitrap Exploris 480'}]",Orbitrap Exploris 480 (MS:1003028),yes
PXD032086,yes,"[{'@type': 'CvParam', 'cvLabel': 'MS', 'accession': 'MS:1001911', 'name': 'Q Exactive', 'value': ''}]",Q Exactive (MS:1001911),yes
PXD032144,yes,"[{'@type': 'CvParam', 'cvLabel': 'MS', 'accession': 'MS:1002523', 'name': 'Q Exactive HF', 'value': ''}]",Q Exactive HF (MS:1002523),yes
PXD032209,yes,"[{'@type': 'CvParam', 'cvLabel': 'MS', 'accession': 'MS:1002523', 'name': 'Q Exactive HF'}]",Q Exactive HF (MS:1002523),yes
PXD032360,yes,"[{'@type': 'CvParam', 'cvLabel': 'MS', 'accession': 'MS:1001911', 'name': 'Q Exactive'}]",Q Exactive (MS:1001911),yes
PXD032738,yes,"[{'@type': 'CvParam', 'cvLabel': 'MS', 'accession': 'MS:1001911', 'name': 'Q Exactive', 'value': ''}]",Q Exactive (MS:1001911),yes
PXD032931,yes,"[{'@type': 'CvParam', 'cvLabel': 'MS', 'accession': 'MS:1001911', 'name': 'Q Exactive'}]",Q Exactive (MS:1001911),yes
PXD033047,yes,"[{'@type': 'CvParam', 'cvLabel': 'MS', 'accession': 'MS:1001911', 'name': 'Q Exactive'}]",Q Exactive (MS:1001911),yes
PXD033099,yes,"[{'@type': 'CvParam', 'cvLabel': 'MS', 'accession': 'MS:1001911', 'name': 'Q Exactive', 'value': ''}]",Q Exactive (MS:1001911),yes
PXD033112,yes,"[{'@type': 'CvParam', 'cvLabel': 'MS', 'accession': 'MS:1001911', 'name': 'Q Exactive', 'value': ''}]",Q Exactive (MS:1001911),yes
PXD033196,yes,"[{'@type': 'CvParam', 'cvLabel': 'MS', 'accession': 'MS:1002523', 'name': 'Q Exactive HF'}]",Q Exactive HF (MS:1002523),yes
PXD033342,yes,"[{'@type': 'CvParam', 'cvLabel': 'MS', 'accession': 'MS:1002523', 'name': 'Q Exactive HF'}]",Q Exactive HF (MS:1002523),yes
PXD033469,yes,"[{'@type': 'CvParam', 'cvLabel': 'MS', 'accession': 'MS:1000491', 'name': 'Dionex instrument model'}, {'@type': 'CvParam', 'cvLabel': 'MS', 'accession': 'MS:1002523', 'name': 'Q Exactive HF'}]",Dionex instrument model (MS:1000491) | Q Exactive HF (MS:1002523),yes
PXD033536,yes,"[{'@type': 'CvParam', 'cvLabel': 'MS', 'accession': 'MS:1001911', 'name': 'Q Exactive'}]",Q Exactive (MS:1001911),yes
PXD033924,yes,"[{'@type': 'CvParam', 'cvLabel': 'MS', 'accession': 'MS:1002416', 'name': 'Orbitrap Fusion'}]",Orbitrap Fusion (MS:1002416),yes
PXD034074,yes,"[{'@type': 'CvParam', 'cvLabel': 'MS', 'accession': 'MS:1000449', 'name': 'LTQ Orbitrap', 'value': ''}, {'@type': 'CvParam', 'cvLabel': 'MS', 'accession': 'MS:1001911', 'name': 'Q Exactive', 'value': ''}]",LTQ Orbitrap (MS:1000449) | Q Exactive (MS:1001911),yes
PXD034134,yes,"[{'@type': 'CvParam', 'cvLabel': 'MS', 'accession': 'MS:1001911', 'name': 'Q Exactive'}]",Q Exactive (MS:1001911),yes
PXD034576,yes,"[{'@type': 'CvParam', 'cvLabel': 'MS', 'accession': 'MS:1000449', 'name': 'LTQ Orbitrap', 'value': ''}]",LTQ Orbitrap (MS:1000449),yes
PXD034583,yes,"[{'@type': 'CvParam', 'cvLabel': 'MS', 'accession': 'MS:1001911', 'name': 'Q Exactive'}]",Q Exactive (MS:1001911),yes
PXD034594,yes,"[{'@type': 'CvParam', 'cvLabel': 'MS', 'accession': 'MS:1000932', 'name': 'TripleTOF 5600'}, {'@type': 'CvParam', 'cvLabel': 'MS', 'accession': 'MS:1002732', 'name': 'Orbitrap Fusion Lumos'}]",TripleTOF 5600 (MS:1000932) | Orbitrap Fusion Lumos (MS:1002732),yes
PXD034865,yes,"[{'@type': 'CvParam', 'cvLabel': 'MS', 'accession': 'MS:1002634', 'name': 'Q Exactive Plus'}]",Q Exactive Plus (MS:1002634),yes
PXD035048,yes,"[{'@type': 'CvParam', 'cvLabel': 'MS', 'accession': 'MS:1002416', 'name': 'Orbitrap Fusion'}]",Orbitrap Fusion (MS:1002416),yes
PXD035650,yes,"[{'@type': 'CvParam', 'cvLabel': 'MS', 'accession': 'MS:1001911', 'name': 'Q Exactive'}]",Q Exactive (MS:1001911),yes
PXD035722,yes,"[{'@type': 'CvParam', 'cvLabel': 'MS', 'accession': 'MS:1001911', 'name': 'Q Exactive'}]",Q Exactive (MS:1001911),yes
PXD036005,yes,"[{'@type': 'CvParam', 'cvLabel': 'MS', 'accession': 'MS:1002523', 'name': 'Q Exactive HF'}]",Q Exactive HF (MS:1002523),yes
PXD036192,yes,"[{'@type': 'CvParam', 'cvLabel': 'MS', 'accession': 'MS:1001911', 'name': 'Q Exactive'}]",Q Exactive (MS:1001911),yes
PXD036197,yes,"[{'@type': 'CvParam', 'cvLabel': 'MS', 'accession': 'MS:1002523', 'name': 'Q Exactive HF'}]",Q Exactive HF (MS:1002523),yes
PXD036200,yes,"[{'@type': 'CvParam', 'cvLabel': 'MS', 'accession': 'MS:1000449', 'name': 'LTQ Orbitrap', 'value': ''}]",LTQ Orbitrap (MS:1000449),yes
PXD036430,yes,"[{'@type': 'CvParam', 'cvLabel': 'MS', 'accession': 'MS:1001911', 'name': 'Q Exactive', 'value': ''}]",Q Exactive (MS:1001911),yes
PXD036634,yes,"[{'@type': 'CvParam', 'cvLabel': 'MS', 'accession': 'MS:1001911', 'name': 'Q Exactive', 'value': ''}]",Q Exactive (MS:1001911),yes
PXD036675,yes,"[{'@type': 'CvParam', 'cvLabel': 'MS', 'accession': 'MS:1002416', 'name': 'Orbitrap Fusion', 'value': ''}, {'@type': 'CvParam', 'cvLabel': 'MS', 'accession': 'MS:1001742', 'name': 'LTQ Orbitrap Velos', 'value': ''}]",Orbitrap Fusion (MS:1002416) | LTQ Orbitrap Velos (MS:1001742),yes
PXD036708,yes,"[{'@type': 'CvParam', 'cvLabel': 'MS', 'accession': 'MS:1001911', 'name': 'Q Exactive'}]",Q Exactive (MS:1001911),yes
PXD036779,yes,"[{'@type': 'CvParam', 'cvLabel': 'MS', 'accession': 'MS:1002416', 'name': 'Orbitrap Fusion'}]",Orbitrap Fusion (MS:1002416),yes
PXD036966,yes,"[{'@type': 'CvParam', 'cvLabel': 'MS', 'accession': 'MS:1002523', 'name': 'Q Exactive HF', 'value': ''}]",Q Exactive HF (MS:1002523),yes
PXD037001,yes,"[{'@type': 'CvParam', 'cvLabel': 'MS', 'accession': 'MS:1002523', 'name': 'Q Exactive HF', 'value': ''}]",Q Exactive HF (MS:1002523),yes
PXD037474,yes,"[{'@type': 'CvParam', 'cvLabel': 'MS', 'accession': 'MS:1002416', 'name': 'Orbitrap Fusion'}]",Orbitrap Fusion (MS:1002416),yes
PXD037907,yes,"[{'@type': 'CvParam', 'cvLabel': 'MS', 'accession': 'MS:1002732', 'name': 'Orbitrap Fusion Lumos'}]",Orbitrap Fusion Lumos (MS:1002732),yes
PXD037955,yes,"[{'@type': 'CvParam', 'cvLabel': 'MS', 'accession': 'MS:1002634', 'name': 'Q Exactive Plus'}, {'@type': 'CvParam', 'cvLabel': 'MS', 'accession': 'MS:1003230', 'name': 'timsTOF Pro 2'}]",Q Exactive Plus (MS:1002634) | timsTOF Pro 2 (MS:1003230),yes
PXD037990,yes,"[{'@type': 'CvParam', 'cvLabel': 'MS', 'accession': 'MS:1002416', 'name': 'Orbitrap Fusion'}]",Orbitrap Fusion (MS:1002416),yes
PXD038126,yes,"[{'@type': 'CvParam', 'cvLabel': 'MS', 'accession': 'MS:1002732', 'name': 'Orbitrap Fusion Lumos', 'value': ''}]",Orbitrap Fusion Lumos (MS:1002732),yes
PXD038818,yes,"[{'@type': 'CvParam', 'cvLabel': 'MS', 'accession': 'MS:1002732', 'name': 'Orbitrap Fusion Lumos', 'value': ''}]",Orbitrap Fusion Lumos (MS:1002732),yes
PXD039035,yes,"[{'@type': 'CvParam', 'cvLabel': 'MS', 'accession': 'MS:1002523', 'name': 'Q Exactive HF'}]",Q Exactive HF (MS:1002523),yes
PXD039053,yes,"[{'@type': 'CvParam', 'cvLabel': 'MS', 'accession': 'MS:1001911', 'name': 'Q Exactive'}]",Q Exactive (MS:1001911),yes
PXD039226,yes,"[{'@type': 'CvParam', 'cvLabel': 'MS', 'accession': 'MS:1002523', 'name': 'Q Exactive HF'}]",Q Exactive HF (MS:1002523),yes
PXD039267,yes,"[{'@type': 'CvParam', 'cvLabel': 'MS', 'accession': 'MS:1001911', 'name': 'Q Exactive'}]",Q Exactive (MS:1001911),yes
PXD039332,yes,"[{'@type': 'CvParam', 'cvLabel': 'MS', 'accession': 'MS:1003028', 'name': 'Orbitrap Exploris 480'}]",Orbitrap Exploris 480 (MS:1003028),yes
PXD039394,yes,"[{'@type': 'CvParam', 'cvLabel': 'MS', 'accession': 'MS:1001911', 'name': 'Q Exactive'}]",Q Exactive (MS:1001911),yes
PXD039401,yes,"[{'@type': 'CvParam', 'cvLabel': 'MS', 'accession': 'MS:1002732', 'name': 'Orbitrap Fusion Lumos', 'value': ''}]",Orbitrap Fusion Lumos (MS:1002732),yes
PXD039780,yes,"[{'@type': 'CvParam', 'cvLabel': 'MS', 'accession': 'MS:1002732', 'name': 'Orbitrap Fusion Lumos'}]",Orbitrap Fusion Lumos (MS:1002732),yes
PXD039849,yes,"[{'@type': 'CvParam', 'cvLabel': 'MS', 'accession': 'MS:1001911', 'name': 'Q Exactive', 'value': ''}]",Q Exactive (MS:1001911),yes
PXD039939,yes,"[{'@type': 'CvParam', 'cvLabel': 'MS', 'accession': 'MS:1002732', 'name': 'Orbitrap Fusion Lumos'}]",Orbitrap Fusion Lumos (MS:1002732),yes
PXD039998,yes,"[{'@type': 'CvParam', 'cvLabel': 'MS', 'accession': 'MS:1001911', 'name': 'Q Exactive'}]",Q Exactive (MS:1001911),yes
PXD040180,yes,"[{'@type': 'CvParam', 'cvLabel': 'MS', 'accession': 'MS:1001911', 'name': 'Q Exactive'}]",Q Exactive (MS:1001911),yes
PXD040208,yes,"[{'@type': 'CvParam', 'cvLabel': 'MS', 'accession': 'MS:1002523', 'name': 'Q Exactive HF'}]",Q Exactive HF (MS:1002523),yes
PXD040772,yes,"[{'@type': 'CvParam', 'cvLabel': 'MS', 'accession': 'MS:1002523', 'name': 'Q Exactive HF'}]",Q Exactive HF (MS:1002523),yes
PXD040899,yes,"[{'@type': 'CvParam', 'cvLabel': 'MS', 'accession': 'MS:1002416', 'name': 'Orbitrap Fusion', 'value': ''}]",Orbitrap Fusion (MS:1002416),yes
PXD041051,yes,"[{'@type': 'CvParam', 'cvLabel': 'MS', 'accession': 'MS:1001911', 'name': 'Q Exactive'}]",Q Exactive (MS:1001911),yes
PXD041514,yes,"[{'@type': 'CvParam', 'cvLabel': 'MS', 'accession': 'MS:1002523', 'name': 'Q Exactive HF', 'value': ''}]",Q Exactive HF (MS:1002523),yes
PXD041561,yes,"[{'@type': 'CvParam', 'cvLabel': 'MS', 'accession': 'MS:1002523', 'name': 'Q Exactive HF'}]",Q Exactive HF (MS:1002523),yes
PXD041775,yes,"[{'@type': 'CvParam', 'cvLabel': 'MS', 'accession': 'MS:1001911', 'name': 'Q Exactive', 'value': ''}]",Q Exactive (MS:1001911),yes
PXD041782,yes,"[{'@type': 'CvParam', 'cvLabel': 'MS', 'accession': 'MS:1001911', 'name': 'Q Exactive'}]",Q Exactive (MS:1001911),yes
PXD042397,yes,"[{'@type': 'CvParam', 'cvLabel': 'MS', 'accession': 'MS:1001911', 'name': 'Q Exactive', 'value': ''}]",Q Exactive (MS:1001911),yes
PXD042575,yes,"[{'@type': 'CvParam', 'cvLabel': 'MS', 'accession': 'MS:1002634', 'name': 'Q Exactive Plus'}]",Q Exactive Plus (MS:1002634),yes
PXD042914,yes,"[{'@type': 'CvParam', 'cvLabel': 'MS', 'accession': 'MS:1001911', 'name': 'Q Exactive'}]",Q Exactive (MS:1001911),yes
PXD043087,yes,"[{'@type': 'CvParam', 'cvLabel': 'MS', 'accession': 'MS:1002523', 'name': 'Q Exactive HF'}]",Q Exactive HF (MS:1002523),yes
PXD043500,yes,"[{'@type': 'CvParam', 'cvLabel': 'MS', 'accession': 'MS:1002523', 'name': 'Q Exactive HF'}]",Q Exactive HF (MS:1002523),yes
PXD043535,yes,"[{'@type': 'CvParam', 'cvLabel': 'MS', 'accession': 'MS:1002523', 'name': 'Q Exactive HF', 'value': ''}]",Q Exactive HF (MS:1002523),yes
PXD043558,yes,"[{'@type': 'CvParam', 'cvLabel': 'MS', 'accession': 'MS:1002523', 'name': 'Q Exactive HF'}]",Q Exactive HF (MS:1002523),yes
PXD043924,yes,"[{'@type': 'CvParam', 'cvLabel': 'MS', 'accession': 'MS:1001911', 'name': 'Q Exactive', 'value': ''}]",Q Exactive (MS:1001911),yes
PXD044188,yes,"[{'@type': 'CvParam', 'cvLabel': 'MS', 'accession': 'MS:1002732', 'name': 'Orbitrap Fusion Lumos'}]",Orbitrap Fusion Lumos (MS:1002732),yes
PXD044253,yes,"[{'@type': 'CvParam', 'cvLabel': 'MS', 'accession': 'MS:1002523', 'name': 'Q Exactive HF', 'value': ''}]",Q Exactive HF (MS:1002523),yes
PXD044254,yes,"[{'@type': 'CvParam', 'cvLabel': 'MS', 'accession': 'MS:1002523', 'name': 'Q Exactive HF', 'value': ''}]",Q Exactive HF (MS:1002523),yes
PXD044305,yes,"[{'@type': 'CvParam', 'cvLabel': 'MS', 'accession': 'MS:1001911', 'name': 'Q Exactive'}]",Q Exactive (MS:1001911),yes
PXD044743,yes,"[{'@type': 'CvParam', 'cvLabel': 'MS', 'accession': 'MS:1002523', 'name': 'Q Exactive HF'}]",Q Exactive HF (MS:1002523),yes
PXD044750,yes,"[{'@type': 'CvParam', 'cvLabel': 'MS', 'accession': 'MS:1002523', 'name': 'Q Exactive HF'}]",Q Exactive HF (MS:1002523),yes
PXD044760,yes,"[{'@type': 'CvParam', 'cvLabel': 'MS', 'accession': 'MS:1001911', 'name': 'Q Exactive'}]",Q Exactive (MS:1001911),yes
PXD044767,yes,"[{'@type': 'CvParam', 'cvLabel': 'MS', 'accession': 'MS:1002523', 'name': 'Q Exactive HF'}]",Q Exactive HF (MS:1002523),yes
PXD044788,yes,"[{'@type': 'CvParam', 'cvLabel': 'MS', 'accession': 'MS:1001911', 'name': 'Q Exactive', 'value': ''}]",Q Exactive (MS:1001911),yes
PXD044860,yes,"[{'@type': 'CvParam', 'cvLabel': 'MS', 'accession': 'MS:1002732', 'name': 'Orbitrap Fusion Lumos'}]",Orbitrap Fusion Lumos (MS:1002732),yes
PXD045770,yes,"[{'@type': 'CvParam', 'cvLabel': 'MS', 'accession': 'MS:1002523', 'name': 'Q Exactive HF', 'value': ''}]",Q Exactive HF (MS:1002523),yes
PXD047066,yes,"[{'@type': 'CvParam', 'cvLabel': 'MS', 'accession': 'MS:1002732', 'name': 'Orbitrap Fusion Lumos', 'value': ''}]",Orbitrap Fusion Lumos (MS:1002732),yes
PXD047758,yes,"[{'@type': 'CvParam', 'cvLabel': 'MS', 'accession': 'MS:1003028', 'name': 'Orbitrap Exploris 480'}]",Orbitrap Exploris 480 (MS:1003028),yes
PXD047910,yes,"[{'@type': 'CvParam', 'cvLabel': 'MS', 'accession': 'MS:1002732', 'name': 'Orbitrap Fusion Lumos'}]",Orbitrap Fusion Lumos (MS:1002732),yes
PXD048381,yes,"[{'@type': 'CvParam', 'cvLabel': 'MS', 'accession': 'MS:1002877', 'name': 'Q Exactive HF-X'}]",Q Exactive HF-X (MS:1002877),yes
PXD048451,yes,"[{'@type': 'CvParam', 'cvLabel': 'MS', 'accession': 'MS:1001911', 'name': 'Q Exactive', 'value': ''}]",Q Exactive (MS:1001911),yes
PXD048763,yes,"[{'@type': 'CvParam', 'cvLabel': 'MS', 'accession': 'MS:1002634', 'name': 'Q Exactive Plus'}]",Q Exactive Plus (MS:1002634),yes
PXD050085,yes,"[{'@type': 'CvParam', 'cvLabel': 'MS', 'accession': 'MS:1002523', 'name': 'Q Exactive HF'}]",Q Exactive HF (MS:1002523),yes
PXD050244,yes,"[{'@type': 'CvParam', 'cvLabel': 'MS', 'accession': 'MS:1001911', 'name': 'Q Exactive'}]",Q Exactive (MS:1001911),yes
PXD050400,yes,"[{'@type': 'CvParam', 'cvLabel': 'MS', 'accession': 'MS:1002416', 'name': 'Orbitrap Fusion'}]",Orbitrap Fusion (MS:1002416),yes
PXD050745,yes,"[{'@type': 'CvParam', 'cvLabel': 'MS', 'accession': 'MS:1001555', 'name': 'autoflex'}]",autoflex (MS:1001555),yes
PXD051371,yes,"[{'@type': 'CvParam', 'cvLabel': 'MS', 'accession': 'MS:1002523', 'name': 'Q Exactive HF'}]",Q Exactive HF (MS:1002523),yes
PXD051954,yes,"[{'@type': 'CvParam', 'cvLabel': 'MS', 'accession': 'MS:1003094', 'name': 'Orbitrap Exploris 240', 'value': ''}]",Orbitrap Exploris 240 (MS:1003094),yes
PXD052214,yes,"[{'@type': 'CvParam', 'cvLabel': 'MS', 'accession': 'MS:1001911', 'name': 'Q Exactive'}]",Q Exactive (MS:1001911),yes
PXD052900,yes,"[{'@type': 'CvParam', 'cvLabel': 'MS', 'accession': 'MS:1001911', 'name': 'Q Exactive'}]",Q Exactive (MS:1001911),yes
PXD053088,yes,"[{'@type': 'CvParam', 'cvLabel': 'MS', 'accession': 'MS:1002732', 'name': 'Orbitrap Fusion Lumos', 'value': ''}]",Orbitrap Fusion Lumos (MS:1002732),yes
PXD053091,yes,"[{'@type': 'CvParam', 'cvLabel': 'MS', 'accession': 'MS:1003094', 'name': 'Orbitrap Exploris 240', 'value': ''}]",Orbitrap Exploris 240 (MS:1003094),yes
PXD053260,yes,"[{'@type': 'CvParam', 'cvLabel': 'MS', 'accession': 'MS:1002732', 'name': 'Orbitrap Fusion Lumos', 'value': ''}]",Orbitrap Fusion Lumos (MS:1002732),yes
PXD053289,yes,"[{'@type': 'CvParam', 'cvLabel': 'MS', 'accession': 'MS:1003029', 'name': 'Orbitrap Eclipse'}]",Orbitrap Eclipse (MS:1003029),yes
PXD053353,yes,"[{'@type': 'CvParam', 'cvLabel': 'MS', 'accession': 'MS:1001911', 'name': 'Q Exactive'}]",Q Exactive (MS:1001911),yes
PXD053582,yes,"[{'@type': 'CvParam', 'cvLabel': 'MS', 'accession': 'MS:1002523', 'name': 'Q Exactive HF', 'value': ''}]",Q Exactive HF (MS:1002523),yes
PXD053919,yes,"[{'@type': 'CvParam', 'cvLabel': 'MS', 'accession': 'MS:1001911', 'name': 'Q Exactive'}]",Q Exactive (MS:1001911),yes
PXD054249,yes,"[{'@type': 'CvParam', 'cvLabel': 'MS', 'accession': 'MS:1001911', 'name': 'Q Exactive'}]",Q Exactive (MS:1001911),yes
PXD054439,yes,"[{'@type': 'CvParam', 'cvLabel': 'MS', 'accession': 'MS:1001910', 'name': 'LTQ Orbitrap Elite'}]",LTQ Orbitrap Elite (MS:1001910),yes
PXD055145,yes,"[{'@type': 'CvParam', 'cvLabel': 'MS', 'accession': 'MS:1002732', 'name': 'Orbitrap Fusion Lumos'}]",Orbitrap Fusion Lumos (MS:1002732),yes
PXD055157,yes,"[{'@type': 'CvParam', 'cvLabel': 'MS', 'accession': 'MS:1002634', 'name': 'Q Exactive Plus'}]",Q Exactive Plus (MS:1002634),yes
PXD055741,yes,"[{'@type': 'CvParam', 'cvLabel': 'MS', 'accession': 'MS:1003378', 'name': 'Orbitrap Astral'}]",Orbitrap Astral (MS:1003378),yes
PXD055868,yes,"[{'@type': 'CvParam', 'cvLabel': 'MS', 'accession': 'MS:1003028', 'name': 'Orbitrap Exploris 480'}]",Orbitrap Exploris 480 (MS:1003028),yes
PXD055950,yes,"[{'@type': 'CvParam', 'cvLabel': 'MS', 'accession': 'MS:1003028', 'name': 'Orbitrap Exploris 480'}]",Orbitrap Exploris 480 (MS:1003028),yes
PXD056030,yes,"[{'@type': 'CvParam', 'cvLabel': 'MS', 'accession': 'MS:1003028', 'name': 'Orbitrap Exploris 480'}, {'@type': 'CvParam', 'cvLabel': 'MS', 'accession': 'MS:1003005', 'name': 'timsTOF Pro'}]",Orbitrap Exploris 480 (MS:1003028) | timsTOF Pro (MS:1003005),yes
PXD056039,yes,"[{'@type': 'CvParam', 'cvLabel': 'MS', 'accession': 'MS:1000449', 'name': 'LTQ Orbitrap'}]",LTQ Orbitrap (MS:1000449),yes
PXD056191,yes,"[{'@type': 'CvParam', 'cvLabel': 'MS', 'accession': 'MS:1002523', 'name': 'Q Exactive HF'}]",Q Exactive HF (MS:1002523),yes
PXD056565,yes,"[{'@type': 'CvParam', 'cvLabel': 'MS', 'accession': 'MS:1001911', 'name': 'Q Exactive'}]",Q Exactive (MS:1001911),yes
PXD056757,yes,"[{'@type': 'CvParam', 'cvLabel': 'MS', 'accession': 'MS:1000449', 'name': 'LTQ Orbitrap'}]",LTQ Orbitrap (MS:1000449),yes
PXD056970,yes,"[{'@type': 'CvParam', 'cvLabel': 'MS', 'accession': 'MS:1002523', 'name': 'Q Exactive HF', 'value': ''}]",Q Exactive HF (MS:1002523),yes
PXD057808,yes,"[{'@type': 'CvParam', 'cvLabel': 'MS', 'accession': 'MS:1002634', 'name': 'Q Exactive Plus'}]",Q Exactive Plus (MS:1002634),yes
PXD057905,yes,"[{'@type': 'CvParam', 'cvLabel': 'MS', 'accession': 'MS:1001911', 'name': 'Q Exactive'}]",Q Exactive (MS:1001911),yes
PXD058005,yes,"[{'@type': 'CvParam', 'cvLabel': 'MS', 'accession': 'MS:1002732', 'name': 'Orbitrap Fusion Lumos'}]",Orbitrap Fusion Lumos (MS:1002732),yes
PXD058432,yes,"[{'@type': 'CvParam', 'cvLabel': 'MS', 'accession': 'MS:1003029', 'name': 'Orbitrap Eclipse'}]",Orbitrap Eclipse (MS:1003029),yes
PXD059345,yes,"[{'@type': 'CvParam', 'cvLabel': 'MS', 'accession': 'MS:1002416', 'name': 'Orbitrap Fusion', 'value': ''}]",Orbitrap Fusion (MS:1002416),yes
PXD060056,yes,"[{'@type': 'CvParam', 'cvLabel': 'MS', 'accession': 'MS:1002523', 'name': 'Q Exactive HF', 'value': ''}]",Q Exactive HF (MS:1002523),yes
PXD060120,yes,"[{'@type': 'CvParam', 'cvLabel': 'MS', 'accession': 'MS:1002523', 'name': 'Q Exactive HF'}]",Q Exactive HF (MS:1002523),yes
PXD060323,yes,"[{'@type': 'CvParam', 'cvLabel': 'MS', 'accession': 'MS:1002732', 'name': 'Orbitrap Fusion Lumos'}]",Orbitrap Fusion Lumos (MS:1002732),yes
PXD060873,yes,"[{'@type': 'CvParam', 'cvLabel': 'MS', 'accession': 'MS:1002732', 'name': 'Orbitrap Fusion Lumos', 'value': ''}]",Orbitrap Fusion Lumos (MS:1002732),yes
PXD060878,yes,"[{'@type': 'CvParam', 'cvLabel': 'MS', 'accession': 'MS:1002416', 'name': 'Orbitrap Fusion'}]",Orbitrap Fusion (MS:1002416),yes
PXD061454,yes,"[{'@type': 'CvParam', 'cvLabel': 'MS', 'accession': 'MS:1001911', 'name': 'Q Exactive'}]",Q Exactive (MS:1001911),yes
PXD061760,yes,"[{'@type': 'CvParam', 'cvLabel': 'MS', 'accession': 'MS:1001911', 'name': 'Q Exactive'}]",Q Exactive (MS:1001911),yes
PXD063163,yes,"[{'@type': 'CvParam', 'cvLabel': 'MS', 'accession': 'MS:1002523', 'name': 'Q Exactive HF'}]",Q Exactive HF (MS:1002523),yes
PXD064331,yes,"[{'@type': 'CvParam', 'cvLabel': 'MS', 'accession': 'MS:1002416', 'name': 'Orbitrap Fusion', 'value': ''}]",Orbitrap Fusion (MS:1002416),yes
PXD064366,yes,"[{'@type': 'CvParam', 'cvLabel': 'MS', 'accession': 'MS:1001911', 'name': 'Q Exactive'}]",Q Exactive (MS:1001911),yes
PXD065314,yes,"[{'@type': 'CvParam', 'cvLabel': 'MS', 'accession': 'MS:1002732', 'name': 'Orbitrap Fusion Lumos'}]",Orbitrap Fusion Lumos (MS:1002732),yes
PXD065770,yes,"[{'@type': 'CvParam', 'cvLabel': 'MS', 'accession': 'MS:1002523', 'name': 'Q Exactive HF'}]",Q Exactive HF (MS:1002523),yes
PXD067788,yes,"[{'@type': 'CvParam', 'cvLabel': 'MS', 'accession': 'MS:1001241', 'name': 'co-eluting ion', 'value': ''}]",co-eluting ion (MS:1001241),yes
PXD067843,yes,"[{'@type': 'CvParam', 'cvLabel': 'MS', 'accession': 'MS:1002634', 'name': 'Q Exactive Plus', 'value': ''}]",Q Exactive Plus (MS:1002634),yes
PXD068794,yes,"[{'@type': 'CvParam', 'cvLabel': 'MS', 'accession': 'MS:1001911', 'name': 'Q Exactive'}]",Q Exactive (MS:1001911),yes
PXD069044,yes,"[{'@type': 'CvParam', 'cvLabel': 'MS', 'accession': 'MS:1002732', 'name': 'Orbitrap Fusion Lumos'}]",Orbitrap Fusion Lumos (MS:1002732),yes
PXD069171,yes,"[{'@type': 'CvParam', 'cvLabel': 'MS', 'accession': 'MS:1001911', 'name': 'Q Exactive'}]",Q Exactive (MS:1001911),yes
PXD069559,yes,"[{'@type': 'CvParam', 'cvLabel': 'MS', 'accession': 'MS:1001911', 'name': 'Q Exactive'}]",Q Exactive (MS:1001911),yes
PXD070144,yes,"[{'@type': 'CvParam', 'cvLabel': 'MS', 'accession': 'MS:1001911', 'name': 'Q Exactive'}]",Q Exactive (MS:1001911),yes
PXD070229,yes,"[{'@type': 'CvParam', 'cvLabel': 'MS', 'accession': 'MS:1003094', 'name': 'Orbitrap Exploris 240'}]",Orbitrap Exploris 240 (MS:1003094),yes
PXD072078,yes,"[{'@type': 'CvParam', 'cvLabel': 'MS', 'accession': 'MS:1002523', 'name': 'Q Exactive HF'}]",Q Exactive HF (MS:1002523),yes
PXD073162,yes,"[{'@type': 'CvParam', 'cvLabel': 'MS', 'accession': 'MS:1001911', 'name': 'Q Exactive'}]",Q Exactive (MS:1001911),yes
